1stFlrSF,BsmtExposure,BsmtFinSF1,BsmtUnfSF,GarageArea,GrLivArea,KitchenQual,LotArea,OpenPorchSF,OverallCond,OverallQual,TotalBsmtSF,YearBuilt,YearRemodAdd,SalePrice
1828,Av,48,1774,774,1828,Gd,11694,108,5,9,1822,2007,2007,314813
894,No,0,894,308,894,TA,6600,0,5,5,894,1962,1962,109500
964,No,713,163,432,964,TA,13360,0,7,5,876,1921,2006,163500
1689,No,1218,350,857,1689,Gd,13265,59,5,8,1568,2002,2002,271000
1541,No,0,1541,843,1541,Gd,13704,81,5,7,1541,2001,2002,205000
1221,No,410,811,400,1221,Gd,7500,113,5,7,1221,2004,2005,185000
1324,No,643,445,440,1324,TA,8658,138,5,6,1088,1965,1965,160000
696,No,604,92,484,1416,Gd,2572,44,5,7,696,1999,1999,155000
526,Gd,462,0,297,988,TA,1596,101,5,4,462,1973,1973,91000
869,No,375,360,440,1218,TA,6000,0,6,6,735,1941,1950,131000
760,No,0,746,397,1656,Gd,6931,128,5,7,746,2003,2004,165400
1362,Av,20,1342,460,1362,Gd,7577,28,5,6,1362,2005,2006,194700
1051,No,0,756,442,1839,TA,7700,124,5,6,756,1966,1966,155000
1375,No,0,1367,451,1375,TA,11310,30,5,6,1367,1954,1954,140000
1122,No,144,172,528,1122,Gd,12000,36,7,5,924,1948,2005,147000
1432,Gd,680,289,588,1432,Gd,16157,180,7,5,1360,1978,1978,194000
728,Av,0,728,400,1456,Gd,9018,24,5,7,728,2007,2007,179540
1217,Av,611,577,497,1217,Gd,9947,27,5,7,1188,1990,1991,173000
1040,None,0,0,625,1040,TA,7200,0,7,5,0,1950,1950,109500
612,Av,294,318,528,1224,Gd,3000,234,5,6,612,2009,2009,173733
1022,No,0,952,468,1774,TA,6120,0,5,7,952,1931,1950,129900
961,No,241,229,384,1367,TA,8405,130,8,5,861,1900,1950,119000
803,No,0,803,297,1360,Gd,7200,65,6,5,803,1938,1995,125500
848,Av,697,151,420,848,Gd,4426,0,5,6,848,2004,2004,149300
1482,Gd,871,611,749,2262,Gd,12244,0,5,8,1482,2003,2003,305000
1220,No,836,0,396,1220,TA,8877,0,5,4,836,1951,1951,102000
1414,No,0,1375,398,1414,Gd,3072,20,5,7,1375,2004,2004,178740
1134,No,319,416,396,2058,TA,9600,0,5,6,735,1917,1950,129500
1088,No,0,901,0,1198,TA,5586,98,7,6,901,1920,1998,79900
1659,No,1158,343,499,1659,Ex,5664,59,5,8,1501,2000,2000,278000
1012,No,0,1012,308,1012,TA,8263,22,5,6,1012,1920,1950,118400
1687,No,523,301,672,3082,TA,15863,63,3,7,824,1920,1970,197000
1032,No,0,360,672,1812,Gd,7630,0,9,5,360,1900,1996,140000
1057,No,738,319,650,1929,Gd,7050,235,5,7,1057,2001,2001,226000
954,Av,483,428,576,954,TA,10780,0,5,5,911,1976,1976,132500
1838,Av,1260,578,765,1838,Ex,14601,68,5,9,1838,2006,2006,315000
1640,No,728,568,924,1640,Gd,14778,0,7,6,1296,1954,2006,224000
1148,No,1148,0,672,1148,TA,7931,0,5,5,1148,1959,1959,132500
950,No,412,251,280,950,TA,9758,0,5,5,950,1971,1971,119500
1065,No,380,397,471,1911,Gd,9554,81,5,8,777,1993,1994,215000
915,No,300,765,440,1635,TA,8737,38,7,6,1065,1923,1950,210000
1316,Av,0,1316,440,1316,Gd,11175,20,5,7,1316,2007,2007,200141
1442,No,0,1442,615,1442,TA,11717,0,6,6,1442,1970,1970,185000
1078,No,734,344,500,1078,TA,12537,0,6,5,1078,1971,2008,149900
1120,No,932,108,544,1120,Fa,6970,0,5,4,1040,1961,1961,129000
779,No,353,55,527,1419,Gd,7750,0,5,8,408,2002,2002,184100
707,No,0,651,240,1389,TA,3378,0,8,7,651,1946,1992,135000
1063,No,354,412,280,1063,TA,9920,0,5,5,1056,1954,1954,128000
1792,Gd,1567,225,874,1792,Ex,11846,49,5,9,1792,2003,2004,374000
1216,No,897,319,402,1216,TA,4500,125,5,6,1216,1998,1998,164000
998,No,0,596,576,1762,Gd,7200,0,7,7,596,1920,1950,157000
847,Av,0,847,434,1959,Gd,11796,48,5,7,847,2004,2005,215000
1208,No,767,441,546,1208,TA,11250,42,6,6,1208,1977,1977,165000
874,No,460,414,315,1524,TA,11344,0,5,5,874,1958,1958,144000
796,No,735,61,240,1154,Gd,5436,96,8,4,796,1922,2007,125500
1048,None,0,0,420,1048,TA,7200,27,5,5,0,1950,1950,98300
886,No,0,190,273,886,TA,5784,20,8,5,190,1938,1996,91300
943,Gd,943,0,600,943,TA,7032,0,5,5,943,1979,1979,135960
866,No,400,466,603,1768,Gd,9803,108,5,7,866,2005,2005,226700
1422,No,0,1393,779,2599,Gd,14774,30,5,9,1393,1999,1999,333168
912,No,456,456,275,912,TA,10150,0,5,5,912,1958,1958,114500
882,None,0,0,308,882,TA,12702,45,5,5,0,1956,1956,97000
1337,No,266,1139,511,1337,Gd,4060,68,5,6,1405,1998,1999,181000
2076,Gd,1386,690,850,2076,Ex,13891,229,5,10,2076,2006,2006,465000
1328,Av,56,1198,752,2531,Gd,12257,98,5,8,1318,1995,1995,290000
981,No,569,162,240,1768,Gd,7200,0,7,5,731,1937,1950,175000
1625,Gd,1573,0,538,1625,Gd,4750,0,5,8,1573,2006,2007,235000
1444,Gd,697,747,389,2144,Gd,159000,98,7,6,1444,1958,2006,277000
1521,No,0,1237,880,2775,Gd,13500,502,9,10,1237,1893,2000,325000
1140,No,0,585,477,1868,TA,12090,112,7,6,585,1984,2003,178000
1525,Av,1400,125,541,1525,Gd,9100,36,5,7,1525,2000,2000,235000
1571,Gd,0,1571,722,1571,Gd,10991,36,5,8,1571,2007,2007,239000
796,No,0,796,0,796,TA,8777,0,7,5,796,1910,1950,85000
1378,No,0,994,432,2372,TA,6600,287,4,5,994,1892,1965,107500
802,No,0,384,402,1472,Gd,10784,0,5,7,384,1991,1992,160000
960,Av,648,0,364,960,TA,10246,0,9,4,648,1965,2001,145000
734,Av,0,732,372,1838,TA,21930,40,5,5,732,2005,2005,192140
1309,No,663,0,484,1309,Gd,10140,0,6,6,1040,1974,1999,181000
2069,Av,0,2153,694,2643,Ex,13693,84,5,9,2153,2006,2006,380000
676,No,0,676,200,1131,TA,5720,0,6,5,676,1941,1950,66500
960,No,0,960,400,1960,TA,7596,0,5,5,960,1952,1952,124500
1144,No,25,247,336,1144,TA,9204,88,5,5,1144,1963,1963,124000
1056,No,1056,0,576,1056,TA,6979,56,5,6,1056,1980,1980,144000
693,No,0,693,0,693,Fa,4118,20,4,4,693,1941,1950,52500
1494,Gd,1200,279,576,1494,Gd,9236,27,5,6,1479,1997,1997,217000
1646,Gd,1373,221,482,1646,Gd,3842,53,5,8,1594,2004,2005,275000
864,Av,390,474,352,864,TA,7180,0,7,5,864,1972,1972,127000
1566,Av,1078,488,750,1566,Gd,9000,168,5,8,1566,2008,2008,262500
735,No,593,130,497,1395,TA,12936,116,6,6,723,1972,1972,162000
848,No,152,628,539,1208,TA,6240,23,5,4,780,1925,1950,103000
939,Mn,0,939,180,1513,TA,6120,0,8,5,939,1920,2004,137500
959,No,425,459,560,1367,TA,6240,0,6,6,884,1931,1950,127500
955,No,763,192,386,955,TA,7742,0,7,5,955,1966,1966,127000
1077,No,0,1007,210,1077,TA,9786,100,4,3,1007,1922,1950,91000
1056,Mn,1056,0,572,1056,TA,34650,0,5,5,1056,1955,1955,145000
756,No,0,756,615,1553,Gd,8125,45,5,7,756,2005,2006,186500
1614,Av,20,1594,865,1614,Gd,11210,59,5,7,1614,2005,2006,221500
2042,No,0,2042,1390,2042,Ex,12704,90,5,8,2042,2008,2009,253293
1073,No,0,1073,326,1073,TA,5400,0,6,5,1073,1921,1968,108480
1072,No,336,295,240,1285,TA,8635,0,5,5,672,1948,2001,127000
2117,Mn,865,340,550,2117,TA,12925,42,7,6,1205,1970,1970,237500
605,Mn,348,180,0,605,TA,9098,0,7,4,528,1920,2002,86000
1150,No,179,465,300,1150,TA,7945,0,6,5,1150,1959,1959,141000
728,No,0,728,400,1456,Gd,8029,24,5,6,728,2005,2005,176000
999,Av,867,77,588,999,Ex,12122,76,9,7,944,1961,2007,178400
750,No,0,750,564,1500,Gd,8846,35,5,6,750,2005,2006,173900
1336,Mn,841,324,375,1336,TA,15750,0,5,5,1165,1953,1953,157000
864,No,759,80,398,1593,TA,7415,75,5,6,839,2004,2004,193000
1130,Av,936,168,836,2184,Ex,11308,102,5,9,1104,2008,2008,335000
1560,No,0,1560,573,1560,Gd,9196,150,5,7,1560,2003,2003,201000
888,No,386,342,312,1644,Gd,9480,0,7,5,728,1942,1995,146500
630,Av,515,115,286,630,Gd,1526,0,8,4,630,1970,2002,86000
1113,No,751,392,504,1113,TA,7917,30,7,6,1143,1976,1976,148000
1071,No,0,1063,947,2172,Gd,14154,62,5,7,1063,2006,2006,280000
796,No,0,560,384,1346,TA,11767,24,7,4,560,1910,2000,112000
1184,Av,64,1120,550,2610,Ex,9000,364,5,8,1184,2007,2007,303477
1026,No,0,1026,936,1958,Gd,10625,210,5,7,1026,2005,2005,250000
1468,No,0,1468,898,1468,Gd,9612,150,5,8,1468,2008,2009,244600
1302,None,0,0,539,1734,Gd,10125,0,5,5,0,1977,1977,126000
768,No,352,416,240,1200,TA,11767,0,6,5,768,1946,1995,130500
1112,No,812,280,438,1550,Gd,8125,168,5,7,1092,2006,2007,241000
954,No,0,795,440,2230,TA,6204,188,5,4,795,1912,1950,118500
1166,No,0,1064,240,1639,TA,10480,0,5,6,1064,1936,1950,115000
864,No,521,169,624,864,TA,9100,0,5,5,864,1958,1958,129900
1621,Mn,213,995,440,1621,Gd,14145,45,7,7,1208,1984,1998,202500
483,No,162,321,264,987,Gd,1680,0,8,6,483,1972,2007,118000
1238,Gd,965,245,628,2519,Gd,26178,27,5,7,1210,1989,1990,335000
765,No,765,0,440,1365,TA,2368,36,6,5,765,1970,1970,125000
1149,Mn,0,1128,779,2290,Gd,11250,0,5,8,1128,2002,2002,255900
1249,Av,0,1249,840,2596,Gd,16259,154,5,9,1249,2006,2006,342643
907,No,288,619,352,907,TA,8593,0,6,4,907,1957,1957,109008
855,No,566,289,440,1456,TA,2280,0,6,6,855,1976,1976,148500
1190,Av,803,303,540,1190,TA,7728,18,6,5,1106,1962,1962,132500
858,No,322,536,684,858,TA,7340,0,6,4,858,1971,1971,110000
2223,Gd,1880,343,516,2223,TA,13651,0,6,7,2223,1973,1973,244000
1005,No,0,1005,672,1005,Fa,10434,0,5,4,1005,1955,1955,115000
1086,No,0,712,409,1895,Gd,10832,46,5,7,712,1994,1996,194500
1040,No,906,134,384,1040,TA,11200,0,5,5,1040,1965,1965,129500
1264,No,697,571,461,1264,TA,9300,0,5,5,1268,1960,1960,167500
874,No,0,874,578,1761,Gd,10207,105,6,7,874,2007,2007,227875
1034,Av,539,473,888,1034,TA,12328,0,5,6,1012,1976,1976,169900
1363,Gd,226,96,439,1363,TA,39104,0,7,7,1385,1954,2005,241500
1689,No,0,1436,480,1689,TA,9855,0,5,6,1436,1956,1956,127500
2113,Gd,1696,413,839,2113,Gd,10437,46,6,8,2109,1995,1995,350000
1573,No,788,785,544,1573,Gd,9808,72,5,7,1573,2002,2002,227000
2364,Gd,2188,142,820,2364,Ex,12919,67,5,9,2330,2009,2010,611657
1057,No,739,318,645,2034,Gd,9375,36,5,7,1057,1997,1998,219500
1291,Mn,1003,288,431,1291,Gd,2887,0,5,6,1291,1996,1997,173000
858,Gd,696,162,0,858,TA,7207,0,7,5,858,1958,2008,116500
698,Mn,204,356,280,1258,TA,9060,0,5,6,560,1939,1950,105000
438,No,290,0,246,438,Fa,8400,0,5,2,290,1920,1950,60000
672,No,209,463,440,1400,TA,7844,0,7,6,672,1978,1978,149500
954,No,0,920,240,954,Fa,6305,0,7,5,920,1938,1950,119750
1445,Gd,564,563,645,1445,TA,12095,0,6,6,1127,1964,1964,158000
1072,Gd,459,88,525,1072,TA,3675,28,5,6,547,2005,2005,148000
1664,None,0,0,0,1664,TA,9825,0,5,5,0,1965,1965,100000
1445,No,0,844,441,2134,Gd,11888,60,6,6,844,1916,1994,214500
1940,Mn,428,537,380,3194,TA,12168,0,6,8,965,1934,1998,359100
912,Av,0,912,0,1824,TA,9400,0,5,6,912,1971,1971,139000
888,No,742,130,422,1756,TA,9303,122,5,6,872,1996,1997,204000
912,No,595,317,576,912,Gd,8872,240,8,5,912,1965,2008,147000
1509,Av,783,678,600,1509,Gd,10200,0,5,6,1461,1988,1989,175000
1160,No,264,712,216,1608,Gd,6171,16,6,6,976,1925,1990,137450
1316,No,28,1288,397,1316,Gd,10237,0,5,6,1316,2005,2006,169990
1015,No,489,279,450,1015,TA,6120,0,7,5,768,1925,1950,88000
756,No,312,444,240,1134,TA,8160,0,6,5,756,1940,1950,126000
1636,No,63,1560,865,1636,Gd,13501,60,5,8,1623,2006,2006,255000
660,No,0,660,400,1320,Gd,7750,48,5,7,660,2003,2003,162000
1160,Gd,249,0,538,2126,TA,28698,0,5,5,1013,1967,1967,185000
1128,Mn,776,344,525,1128,TA,8700,20,6,5,1120,1963,1963,155000
1306,Mn,860,132,756,1306,TA,8712,0,7,5,992,1957,2000,153000
798,No,0,546,0,1344,TA,1533,0,6,4,546,1970,2008,97000
1576,No,0,718,704,2554,TA,10800,48,8,7,718,1890,1998,159500
893,No,220,625,576,893,Gd,9600,0,7,5,845,1949,2003,135000
894,Mn,0,894,668,1933,Gd,14598,18,5,6,894,2007,2007,214000
672,No,356,316,264,1218,TA,1890,28,5,6,672,1973,1973,113000
1161,No,0,808,534,1969,TA,11952,0,6,7,808,1977,1977,190000
1220,No,1079,141,556,2090,Gd,10000,65,5,8,1220,1995,1996,240000
1484,Av,998,486,487,1484,TA,12243,0,6,5,1484,1971,1971,175000
1656,No,0,1656,506,1656,TA,9246,211,5,5,1656,1973,1973,135000
818,No,468,350,210,1224,TA,3950,0,8,6,818,1926,2004,115000
1022,No,695,297,390,2054,Gd,12224,48,5,6,992,2000,2000,244000
854,No,0,832,576,854,TA,6120,112,8,7,832,1929,2001,132000
546,No,334,212,286,1092,TA,1974,96,5,4,546,1973,1973,83500
1268,Av,196,1072,252,1268,Gd,9286,0,7,5,1268,1977,1989,143500
827,Av,385,70,550,1661,Gd,10667,61,6,7,799,1996,1996,212000
1668,Av,370,315,502,1668,Gd,10635,262,5,8,1657,2003,2003,232000
1493,Gd,994,484,508,1493,Gd,13125,39,5,6,1478,1997,1998,208900
932,No,0,932,306,932,Gd,8280,0,5,6,932,1950,1950,124000
1277,Gd,778,499,526,1277,TA,10628,0,5,7,1277,1970,1970,167000
1530,Av,1300,230,630,1530,Gd,14572,36,5,7,1530,2004,2004,259000
1344,No,457,193,484,1344,TA,9503,28,5,5,1024,1958,1983,144000
860,Av,672,168,528,860,TA,8740,0,6,5,840,1982,1982,137000
1314,No,904,410,626,1314,Gd,5001,62,5,7,1314,2007,2008,230000
1391,Mn,464,927,868,1962,Gd,8760,90,5,7,1391,2006,2006,239799
788,Av,724,64,388,1490,Gd,15384,75,5,7,788,2004,2005,184000
848,Av,662,186,420,848,Gd,4426,0,5,6,848,2004,2004,143000
672,No,0,672,240,672,TA,10200,0,8,5,672,1940,1997,108000
1188,No,275,877,252,2340,Gd,9042,60,9,7,1152,1941,2006,266500
808,No,0,660,180,1656,TA,10410,0,7,5,660,1916,1987,135000
725,No,626,99,484,1479,Gd,7472,32,9,7,725,1972,2004,184000
1226,No,0,1226,740,1226,Gd,10402,36,5,7,1226,2009,2009,198900
976,Gd,568,264,444,2087,Gd,12205,168,8,6,832,1966,2007,187500
1158,No,941,217,576,1158,Gd,13072,50,5,6,1158,2004,2004,158000
1154,Mn,740,184,480,1154,TA,11000,58,6,5,1154,1966,1966,154000
880,Av,0,880,527,1724,Gd,8924,155,5,7,880,1998,1999,188000
773,No,219,554,431,1658,TA,8000,84,5,6,773,1995,1996,188000
1126,None,0,0,520,1126,Gd,8777,96,5,4,0,1949,2003,108000
872,No,0,816,300,1393,TA,16466,0,7,5,816,1955,1955,135500
1968,Mn,192,536,1014,3447,Gd,14100,12,9,8,728,1935,1997,381000
483,No,309,174,264,987,TA,1953,0,5,6,483,1973,1973,83000
808,No,351,112,0,1355,TA,10106,0,7,5,644,1940,1999,127500
2069,Gd,425,160,505,2069,Gd,27650,0,7,7,585,1960,2007,242000
757,No,549,195,440,1501,TA,2280,0,5,7,744,1999,1999,179400
1976,Gd,1350,626,908,1976,Gd,14977,63,5,8,1976,2006,2007,440000
1563,No,33,1530,758,1563,Gd,10206,99,5,8,1563,2007,2007,245000
572,No,0,572,288,1111,TA,5700,0,7,7,572,1926,1950,116900
851,No,0,776,270,1502,TA,7200,0,6,7,776,1931,2000,149000
1733,None,0,0,452,1733,TA,13680,0,5,3,0,1955,1955,139600
1848,No,1410,438,706,2728,Ex,20431,0,5,9,1848,2005,2006,437154
630,No,231,399,264,1302,TA,1680,0,7,5,630,1972,1972,119500
1332,Gd,1258,74,586,1524,Gd,23595,0,6,7,1332,1979,1979,260000
1120,None,0,0,680,1588,TA,17120,59,4,4,0,1959,1959,134432
1125,No,0,1125,430,1125,TA,8536,64,5,5,1125,2006,2007,155000
520,No,0,600,480,1200,Gd,3180,166,5,7,600,2005,2005,151000
798,No,0,798,520,1640,Gd,8366,45,5,6,798,2004,2004,173000
1223,No,1000,223,525,2127,Gd,10944,132,5,7,1223,1994,1994,271000
972,No,680,292,240,972,TA,8000,0,6,6,972,1948,2002,132000
1142,No,584,544,466,2020,Gd,9828,155,5,8,1128,1995,1995,239500
1144,Av,739,405,596,1144,TA,9571,0,6,5,1144,1956,1956,129000
1352,Av,300,468,288,1352,Gd,6930,0,4,5,1062,1958,1958,130000
926,No,234,0,484,1316,TA,5500,0,7,5,926,1929,2001,130000
1086,Av,956,130,592,1924,Gd,12011,75,5,8,1086,1998,1998,280000
1164,No,1040,124,240,1164,TA,10880,48,5,5,1164,1950,1950,125000
952,Mn,852,100,840,952,TA,7350,0,7,5,952,1951,1951,139000
938,No,259,425,0,2358,TA,5250,54,5,8,684,1872,1987,122000
1680,No,808,72,540,1680,Gd,21695,44,9,6,880,1988,2007,222000
1221,No,0,482,672,1912,TA,10800,25,7,6,482,1905,2000,163000
1004,No,578,426,480,1004,TA,11241,0,7,6,1004,1970,1970,149000
774,No,384,363,305,1230,TA,4712,57,7,4,747,1946,1950,121600
1167,No,645,270,495,1167,TA,8731,0,5,5,915,1920,1950,144000
1301,Mn,405,740,440,1301,Fa,6911,0,5,5,1145,1924,1950,100000
1453,Gd,1082,371,445,1453,Gd,5271,80,5,7,1453,1986,1986,190000
1601,Av,1358,223,670,1601,Gd,11423,0,5,8,1581,2001,2002,272000
1588,Av,0,1588,825,1588,Gd,10000,45,5,8,1588,2006,2006,227000
1095,Gd,513,75,264,1095,TA,10382,0,5,6,588,1958,1958,140000
1050,No,915,135,368,1050,TA,10659,319,6,5,1050,1961,1961,136500
960,No,520,440,432,960,TA,10921,0,5,4,960,1965,1965,94750
1002,Mn,0,810,280,1456,TA,7585,0,3,5,810,1948,1950,91500
1489,No,0,1489,462,1489,Gd,9156,0,7,6,1489,1968,1968,185750
1726,No,1126,600,786,1726,Ex,9416,138,5,7,1726,2007,2007,311872
1362,No,0,1362,484,2082,Gd,11426,238,5,7,1362,2003,2003,200000
1339,No,1053,256,484,1339,TA,8049,58,5,7,1309,1990,1990,180000
1310,Mn,781,503,1069,2450,Gd,16545,126,5,8,1284,1998,1998,340000
879,Av,0,879,660,1863,Gd,14054,17,5,7,879,2006,2006,219210
768,Av,656,112,396,768,TA,8445,0,7,5,768,1972,2007,133000
334,None,0,0,0,334,Fa,5000,0,3,1,0,1946,1950,39300
1136,No,892,244,384,1136,TA,9200,0,6,6,1136,1965,1965,140000
1337,No,1201,36,405,1337,TA,4500,199,5,6,1237,1998,1998,153500
912,No,312,0,288,912,TA,7800,0,5,5,912,1964,1964,115000
876,No,540,324,264,1812,TA,7590,168,5,5,864,1962,1962,169500
1052,No,378,342,240,2192,Gd,8400,24,8,5,720,1939,1997,179500
658,No,0,658,0,1184,TA,8410,151,3,5,658,1910,1996,81000
964,No,0,925,308,1889,TA,10120,0,4,7,925,1910,1950,122000
1327,No,405,658,624,1327,Gd,7388,0,6,5,1063,1959,2002,150750
1422,No,588,606,576,1422,Gd,12090,0,6,6,1422,1981,1981,175500
1632,Av,0,1632,576,1632,TA,25000,0,4,5,1632,1967,1967,143000
1630,No,0,1630,451,1630,Gd,9750,234,5,7,1630,2000,2001,213000
1013,No,0,1013,0,1526,Fa,8470,0,2,3,1013,1915,1982,85000
1040,None,0,0,420,1040,TA,7200,0,5,4,0,1949,1950,90000
841,No,0,806,216,1647,Fa,6858,66,4,6,806,1915,1950,128000
1328,No,622,500,576,1981,Gd,7804,44,3,4,1122,1928,1950,135000
1644,No,1285,131,418,1644,TA,9600,0,5,6,1416,1953,1953,167000
1482,No,0,1482,868,2574,Ex,9588,148,5,8,1482,2007,2007,276000
1060,No,0,764,520,1824,TA,13515,0,6,6,764,1919,1950,180500
1350,Gd,624,288,520,1350,TA,9020,0,5,6,1248,1964,1964,168500
958,No,958,0,440,958,TA,4928,60,6,6,958,1976,1976,143750
1053,No,0,833,370,1848,Gd,13053,0,7,6,833,1923,2000,207000
1620,No,1116,165,490,1620,TA,9991,78,4,4,1281,1976,1993,150000
1167,No,560,598,400,1167,Gd,9248,26,6,6,1158,1992,1992,173000
798,No,94,641,220,1487,TA,8741,140,4,6,735,1945,1950,113000
892,No,432,460,288,892,TA,7150,0,5,5,892,1967,1967,100000
804,No,510,278,240,804,Gd,7200,0,7,5,788,1940,1992,119000
1140,No,0,1140,0,1140,TA,17217,56,5,5,1140,2006,2006,84500
983,No,400,380,483,1796,TA,7056,50,5,6,780,1963,1963,140000
1118,No,156,692,551,2030,Gd,12046,224,6,6,848,1976,1976,195000
1026,Av,765,252,812,2007,Ex,11003,52,5,10,1017,2008,2008,310000
691,No,0,691,216,691,Ex,5400,20,6,5,691,1920,1950,86000
786,No,0,768,676,1590,Gd,9000,30,5,8,768,2008,2008,210000
1216,No,444,550,325,1855,TA,9525,0,4,6,994,1954,1972,136900
1028,No,0,994,442,1804,Gd,7500,60,5,7,994,1999,1999,189000
884,No,550,334,543,1768,Gd,8158,63,5,7,884,2003,2003,224900
1831,Gd,1387,543,807,3627,Gd,35760,76,5,10,1930,1995,1996,625000
1298,No,1258,40,403,1298,Gd,11200,26,5,6,1298,1985,1985,180000
1801,No,1247,254,484,1801,TA,15602,54,8,7,1501,1959,1997,289000
630,Av,553,77,0,630,Ex,1533,0,7,5,630,1970,1970,92000
1103,No,397,706,440,1103,Gd,6000,120,6,6,1103,1925,1980,110500
859,Mn,0,859,384,1178,TA,8712,0,7,4,859,1900,1950,102776
1196,No,197,999,440,1196,TA,4800,0,7,4,1196,1916,1990,109900
1372,No,0,1372,529,1372,Gd,8640,140,5,7,1372,2007,2008,250580
1431,Gd,371,728,296,1431,TA,9150,110,5,6,1099,1962,1962,165000
1422,Av,0,1422,626,1422,Gd,8500,60,5,7,1422,2004,2004,179600
1079,Av,985,595,501,1953,Gd,53107,231,5,6,1580,1992,1992,240000
1121,No,0,1121,440,1121,TA,8546,64,5,4,1121,2003,2004,140000
1143,Av,0,1143,852,2473,Gd,9591,151,5,8,1143,2004,2005,317000
1057,No,417,640,576,1057,TA,7420,0,5,5,1057,1962,1962,132000
1110,Av,1097,0,602,1110,Gd,9101,30,6,5,1097,1978,1978,165500
1164,No,524,628,671,2270,Gd,11764,57,7,8,1152,1999,2007,290000
2018,Gd,0,2002,746,2018,Ex,13214,76,5,9,2002,2008,2009,378500
672,Mn,438,234,440,1386,TA,11616,0,5,6,672,1978,1978,158900
1082,Mn,0,1082,1043,1953,Gd,10574,50,5,8,1082,2005,2006,252000
1337,No,733,604,462,1337,Gd,5395,0,5,8,1337,1993,1993,180000
997,No,0,969,648,2285,Gd,11000,56,5,8,969,2000,2000,248000
1718,Gd,1288,417,826,1718,Gd,10637,44,5,8,1705,2007,2008,297000
1086,Av,516,380,484,1086,TA,13400,0,5,5,1024,1966,1966,159950
1555,No,0,1373,660,1555,Gd,3684,20,5,7,1373,2007,2007,174000
1902,Av,1406,496,567,1902,Ex,17500,207,8,7,1902,1959,2002,335000
1298,No,1216,0,693,2514,TA,11170,0,5,7,1216,1990,1991,250000
1224,Av,1086,0,528,1224,TA,7018,0,5,5,1086,1979,1979,153337
1054,No,602,14,460,1054,TA,9750,0,8,6,1054,1969,1969,151000
1276,No,854,371,676,2612,Gd,12203,0,5,8,1225,1998,1999,336000
902,No,599,277,288,902,TA,6173,0,6,5,876,1967,1967,125500
1153,No,692,153,484,2353,Ex,13005,195,7,7,845,1980,1980,260000
689,No,378,311,299,1392,TA,10900,36,7,6,689,1977,1977,161750
1155,Av,899,210,576,1155,Gd,11782,0,7,5,1109,1961,1995,148000
1136,No,180,676,240,1904,TA,7200,0,4,5,1208,1950,1982,138000
950,No,0,862,208,1158,TA,6000,0,7,6,862,1929,1950,120000
751,Mn,0,611,502,1362,TA,6155,0,8,6,611,1920,1999,128000
1005,No,0,975,429,2291,Gd,8738,0,5,7,975,1999,1999,230000
649,No,0,649,250,1317,TA,8500,54,4,4,649,1920,1950,40000
1734,No,1004,730,928,1734,Ex,12085,0,5,8,1734,2007,2007,318000
1194,No,0,1194,312,1194,TA,8760,0,6,6,1194,1959,1959,148000
876,Mn,0,876,720,1416,TA,12665,0,8,5,876,1915,1950,153900
1383,Mn,1064,319,354,1383,TA,13284,116,5,5,1383,1954,1954,165000
1001,No,284,717,871,2002,TA,6270,0,6,5,1001,1949,1950,145000
1496,Av,0,1496,474,1496,Gd,9158,130,5,8,1496,2007,2007,225000
984,No,408,156,660,1604,TA,10998,68,5,5,984,1941,1960,117000
764,No,0,680,504,764,TA,5232,0,5,5,680,1925,2004,73000
977,No,0,741,476,1732,Gd,9206,46,5,6,741,1985,1985,178000
1494,Av,0,1494,840,1494,Gd,10652,33,5,7,1494,2006,2007,279500
986,No,0,960,180,986,TA,6180,128,5,6,960,1926,1950,102000
1145,No,16,1129,397,1145,Gd,3182,16,5,7,1145,2005,2006,160200
742,No,0,742,0,1484,TA,6300,291,6,6,742,1914,2001,128000
1344,No,111,354,525,1344,Gd,14375,118,6,6,819,1958,1958,137500
958,No,0,650,686,1539,Gd,10440,78,8,5,650,1904,2002,157500
1134,No,0,1122,656,2504,Ex,11198,39,5,9,1122,2005,2007,325000
747,Mn,0,600,528,747,TA,5825,0,5,4,600,1926,1953,79900
1108,Av,975,133,583,2097,Gd,9750,170,6,7,1108,1998,1998,274300
3138,Gd,2260,878,884,4676,Ex,40094,406,5,10,3138,2007,2008,184750
786,No,0,698,624,1176,TA,6000,0,9,6,698,1937,2000,134900
720,No,495,225,0,720,TA,7879,523,5,4,720,1920,1950,34900
1580,No,0,1580,830,1580,Gd,11932,24,5,8,1580,2007,2008,235128
1440,Gd,1440,0,0,1440,TA,7711,0,3,4,1440,1977,1977,150000
738,No,193,545,540,1476,Gd,8633,35,5,6,738,2005,2005,173500
1500,Av,20,1480,570,1500,Gd,8487,36,5,7,1500,2004,2004,190000
884,No,0,884,216,1348,TA,6000,0,8,5,884,1925,1997,117000
1200,Mn,661,203,884,1200,Gd,9230,64,8,5,864,1965,1998,146000
1394,No,609,785,514,1394,TA,9500,76,5,6,1394,1963,1963,159000
800,No,400,336,484,1632,Gd,9130,40,8,6,800,1966,2000,173000
912,No,842,70,336,912,TA,8521,0,5,5,912,1967,1967,125000
1370,No,1128,242,864,2624,TA,22420,0,6,6,1370,1918,1950,239000
1696,No,0,1140,349,1696,TA,13673,30,5,5,1140,1962,1962,143900
682,No,0,440,440,1230,TA,10440,0,6,5,440,1910,1981,110000
1549,No,297,556,440,2727,Gd,10570,74,8,8,853,1932,1994,315000
728,No,0,728,429,1456,TA,15578,0,5,6,728,2006,2006,172785
864,No,375,250,660,864,Gd,6960,0,6,4,864,1970,1970,120500
970,No,0,970,380,1709,Gd,2522,40,5,6,970,2004,2006,130000
810,No,643,167,528,1665,Gd,8400,45,6,8,810,2001,2001,227000
1372,Gd,987,360,656,2646,Gd,9900,60,5,7,1347,1993,1993,260000
798,No,0,798,595,1640,Gd,7226,45,5,7,798,2003,2003,183000
1014,Mn,440,538,420,1699,TA,10615,74,5,3,978,1900,1970,95000
1663,Gd,1116,248,529,1663,Gd,53227,137,6,4,1364,1954,1994,256000
1728,No,1332,396,504,1728,TA,9100,0,5,5,1728,1963,1963,125000
1055,No,0,1055,462,1845,Gd,11218,104,5,6,1055,1992,1992,189000
1020,Gd,536,169,440,1851,Gd,9760,42,8,6,822,1964,1993,187000
1489,No,0,1489,776,1489,Gd,11216,140,5,8,1489,2006,2006,232600
864,No,612,252,300,864,TA,9100,0,6,6,864,1959,1959,127500
1256,No,830,136,276,1256,TA,9937,68,6,5,1256,1965,1965,147500
816,No,816,0,816,816,TA,6600,0,8,5,816,1982,2003,138000
902,Gd,454,410,492,1820,Gd,13700,84,6,7,864,1965,1988,201800
912,Mn,48,422,833,2127,Gd,13125,192,5,7,1104,1991,1991,238000
1065,No,0,1065,461,1065,TA,8892,0,5,5,1065,1960,1960,126500
1200,No,0,1200,312,1200,TA,11340,0,5,6,1200,1923,1950,125000
1208,Av,686,501,632,1208,Gd,6762,61,5,7,1187,2006,2006,206000
1133,Gd,0,1094,642,2482,Gd,12665,39,5,8,1094,2005,2006,281213
1720,No,919,801,527,1720,Gd,10593,56,5,7,1720,1996,1996,260400
840,No,116,556,0,840,TA,4388,0,7,5,672,1930,1950,87000
1294,No,1200,78,496,1294,Gd,7153,51,5,6,1278,1991,1991,179200
1090,No,980,110,450,1090,TA,7024,49,5,5,1090,2005,2006,157000
1165,No,0,1141,420,2263,Gd,12090,123,5,8,1141,1998,1998,258000
969,Av,716,253,440,969,TA,10356,0,6,5,969,1975,1975,122000
894,No,0,894,1248,894,TA,18000,20,4,3,894,1935,1950,81000
1028,No,0,1008,360,1028,TA,8960,0,6,5,1008,1927,1950,115000
979,No,484,495,492,1958,TA,7136,0,6,6,979,1946,1950,145000
1795,Av,0,1795,895,1795,Gd,9986,49,5,8,1795,2006,2007,147000
1940,Av,1646,284,606,1940,Ex,10159,95,5,9,1930,2009,2010,395192
1178,No,1084,92,439,1178,Gd,10000,0,6,5,1176,1973,2000,157000
810,No,156,516,400,1482,Fa,12155,0,8,6,672,1925,1950,140000
1428,No,0,1417,554,1428,Ex,12274,60,5,7,1417,2008,2008,227680
864,Av,460,404,338,864,TA,15523,0,6,5,864,1972,1972,133500
616,Mn,236,0,200,1111,TA,9084,0,6,5,616,1941,1950,95000
680,No,310,370,420,1470,TA,9765,63,8,6,680,1993,1993,185000
1116,No,0,1116,440,1116,TA,10000,0,6,6,1116,1962,1962,160000
864,No,414,450,288,864,Gd,7332,0,6,6,864,1959,1959,120000
1297,No,1213,84,498,1297,TA,8532,0,6,5,1297,1954,1990,153000
1113,No,607,506,264,1113,Gd,9600,80,7,5,1113,1950,2007,147000
1501,Gd,679,811,577,1501,Gd,10335,29,5,7,1490,1999,1999,204000
764,Mn,24,732,614,1547,Gd,8640,45,5,7,756,2009,2009,215200
991,No,222,769,678,1947,Gd,12552,136,5,7,991,2004,2005,254900
1717,Av,0,1709,908,1717,Gd,11146,39,5,8,1709,2006,2006,255500
1052,Av,504,506,440,1052,TA,8816,0,7,6,1010,1971,1971,155000
1127,Av,862,255,455,2013,TA,9920,130,5,7,1117,1996,1997,269790
1266,Av,0,1266,388,1266,Gd,3182,16,5,7,1266,2007,2007,159895
1992,Av,240,1752,716,2868,Ex,16056,108,5,9,1992,2005,2006,556581
980,No,300,652,554,2256,Gd,8795,54,5,7,952,2000,2000,236000
1414,Av,24,1390,494,1414,Gd,8773,105,5,7,1414,2004,2004,185500
936,No,814,114,471,1721,Gd,8462,87,5,6,928,1994,1994,201000
811,No,550,163,434,1552,TA,11475,208,6,6,713,1975,1975,179900
698,No,0,698,528,1128,TA,7500,0,4,4,698,1920,1950,68400
1118,Av,522,574,358,1118,TA,9880,0,6,6,1096,1977,1977,171000
1728,Gd,936,396,574,1728,TA,12640,0,5,6,1728,1976,1976,150900
1686,No,1361,88,711,2448,Gd,46589,76,7,8,1629,1994,2005,402000
1473,Gd,1324,113,452,1473,Ex,25095,48,8,5,1437,1968,2003,143000
1187,Mn,902,254,400,1717,Gd,13758,36,5,7,1156,1990,1991,187500
1166,Gd,655,201,400,1166,Gd,9587,0,5,7,856,2005,2005,190000
1370,Mn,24,1346,484,1370,Gd,6442,49,5,8,1370,2006,2006,202500
1724,Av,528,1152,480,1724,TA,17871,0,5,6,1680,1967,1976,197900
970,No,0,970,380,1709,Gd,2522,40,5,7,970,2004,2004,130000
483,No,358,125,264,987,TA,1680,0,3,6,483,1971,1971,89500
901,No,352,441,216,1802,TA,7588,0,6,7,793,1920,1950,200100
1170,No,503,449,360,2345,TA,16560,0,8,6,952,1932,1950,239000
1068,No,663,396,264,1068,TA,8414,0,8,6,1059,1963,2003,154500
1617,No,165,598,533,1617,Gd,8012,69,5,6,1604,1993,1994,193000
1244,No,777,467,336,1244,TA,11988,40,6,6,1244,1957,1957,150000
1180,No,0,700,252,1180,Fa,11600,0,5,4,700,1922,1950,137500
520,No,0,600,480,1223,Gd,2544,166,5,7,600,2005,2005,147400
1686,No,625,0,612,1686,TA,10240,131,6,6,1686,1980,1980,207500
1646,Gd,1513,125,800,1646,Gd,9520,44,5,8,1638,2007,2008,293077
1144,No,594,270,264,1144,TA,10000,0,6,5,864,1961,1983,131400
939,Av,0,939,639,1797,Gd,9245,53,5,7,939,2006,2006,213500
1224,None,0,0,462,1224,TA,9842,0,5,4,0,1962,1962,101800
992,No,735,257,839,1865,Gd,10316,184,5,7,992,2000,2000,235000
1056,No,846,210,308,1056,TA,8176,0,6,5,1056,1958,1992,139000
1966,No,0,1926,820,3140,Ex,13518,78,5,9,1926,2008,2009,485000
1212,Av,506,0,492,1212,TA,8471,12,7,6,506,1977,1995,151000
1694,Av,1369,317,636,1694,Gd,10084,57,5,8,1686,2004,2005,307000
802,Av,714,88,413,1511,TA,11207,75,5,6,802,1997,1997,185000
1057,No,731,326,246,1057,Gd,7922,52,7,5,1057,1953,2007,109000
1246,No,0,777,560,2290,TA,11340,0,6,4,777,1885,1950,122500
1377,No,1002,0,786,2183,Gd,13837,0,5,7,1204,1988,1988,229000
1699,Mn,1470,203,594,3222,Gd,12376,0,5,7,1673,1990,1990,320000
909,No,0,880,512,1716,Gd,8750,120,5,7,880,1996,1996,191000
1342,No,251,491,457,1342,TA,9790,0,5,6,1372,1967,1967,161500
1504,No,16,1330,437,1504,Gd,3182,20,5,7,1346,2005,2006,191000
1053,No,0,1053,648,1992,Gd,9375,45,5,8,1053,2003,2004,250000
624,No,510,90,462,1252,Gd,2160,48,5,7,600,1999,2000,160000
999,No,588,411,264,999,Gd,7758,132,7,5,999,1962,2001,132500
741,No,0,622,528,1363,TA,7740,0,7,4,622,1910,1950,125500
1165,Gd,312,276,490,1165,TA,9020,129,7,6,1127,1966,1966,174900
1668,Av,1059,567,702,1668,Gd,11248,45,5,9,1626,2002,2002,285000
1158,Av,0,1158,853,2376,Gd,14215,154,5,8,1158,2005,2006,325300
889,No,0,540,352,1440,TA,5000,0,4,5,540,1900,1950,79000
794,Av,182,612,388,1470,TA,13869,75,6,6,794,1997,1997,177000
1541,Mn,1201,340,532,1541,Gd,12182,70,5,7,1541,2005,2005,220000
1440,No,133,1307,0,1440,Fa,12108,0,4,4,1440,1955,1955,118000
1146,Av,786,82,438,1146,Gd,9590,22,5,7,868,2003,2003,187500
1494,Av,437,0,481,1494,Ex,9549,30,5,8,1494,1995,1996,270000
1462,No,1170,292,738,2224,Ex,8834,0,5,9,1462,2004,2005,350000
820,No,0,731,186,1343,TA,7681,0,6,5,731,1921,1950,154900
1210,No,281,747,683,2452,Gd,16226,50,5,8,1028,1998,1999,267000
1127,No,442,374,540,1977,TA,9500,52,6,6,816,1964,1978,165000
1064,No,495,354,504,1767,Gd,5306,35,7,7,1064,1987,1987,239000
1324,No,863,461,550,1324,Gd,6240,38,5,8,1324,2006,2006,254000
912,No,0,912,330,1458,TA,17503,0,5,6,912,1948,1950,97500
1314,No,24,1290,440,1314,Gd,9317,22,5,6,1314,2006,2006,176432
1575,No,430,1145,529,1575,Gd,8012,0,5,6,1575,1992,1992,179200
1620,Gd,1022,598,912,1620,Ex,12898,0,5,9,1620,2007,2008,315500
1104,Av,0,1104,304,1788,TA,11250,0,5,4,1104,1957,1989,161500
913,Gd,187,0,240,913,TA,8400,0,5,6,814,1966,1966,129000
2073,No,790,589,500,2073,TA,13175,0,6,6,1542,1978,1988,210000
764,No,0,776,492,1441,Gd,2645,0,5,8,776,1999,2000,174000
815,No,0,815,225,1690,TA,8850,0,6,7,815,1916,1950,144000
1437,No,988,200,576,1437,TA,14175,0,6,5,1188,1956,1987,168000
2156,No,297,1203,508,2156,TA,20781,80,7,7,1568,1968,2003,262500
864,No,468,396,0,864,TA,5604,0,6,5,864,1925,1950,98000
536,No,129,175,336,1112,TA,2592,0,3,5,536,1976,1976,85000
1122,No,700,0,746,2243,Gd,13474,44,5,7,700,1990,1991,225000
810,No,0,686,210,1328,TA,9906,172,4,4,686,1925,1950,107000
968,No,0,656,216,968,TA,10800,0,6,4,656,1927,2007,64500
698,No,0,698,384,1396,TA,8730,0,7,6,698,1915,2003,153575
1856,Av,1445,411,834,1856,Ex,11394,0,2,9,1856,2010,2010,394432
1610,No,1288,294,789,2161,Ex,10562,120,5,8,1582,2007,2007,325624
1602,No,1246,356,529,1602,Gd,16635,0,7,6,1602,1977,2000,215000
630,No,0,630,280,1302,TA,1680,0,5,5,630,1971,1971,112000
807,No,457,326,393,1509,Gd,7861,75,5,6,783,2002,2003,183200
912,No,737,175,352,912,TA,12968,0,6,5,912,1962,1962,144000
1004,No,399,605,420,1664,TA,5000,24,7,6,1004,1947,1950,159000
1390,No,423,758,576,1694,TA,8400,0,5,6,1181,1925,1950,136500
747,No,0,747,220,747,TA,4608,0,6,4,747,1945,1950,80000
1040,None,0,0,420,1040,TA,7200,29,5,4,0,1950,1950,109900
831,No,0,831,493,1660,Gd,8935,68,5,7,831,2002,2002,195000
1026,No,218,808,308,1691,Gd,5000,0,6,5,1026,1924,1950,127000
864,No,398,317,720,864,Gd,7200,0,8,5,864,1950,2002,129000
752,No,623,0,264,752,TA,7175,0,5,6,744,1984,1984,125000
963,No,361,602,564,1792,Gd,12435,96,5,7,963,2001,2001,231500
764,No,0,764,474,1626,Gd,2628,27,5,7,764,2003,2003,175500
1484,Av,428,1048,472,1484,Ex,9037,33,5,8,1476,2006,2006,265900
1675,No,0,1470,870,3493,Gd,18386,0,9,7,1470,1880,2002,295000
1652,No,1572,80,840,1652,Ex,13173,102,5,9,1652,2006,2007,325000
1276,No,0,1276,350,1276,TA,9571,0,3,5,1276,1958,1958,60000
1112,No,120,736,271,1668,TA,9600,0,8,6,856,1950,2005,140000
720,No,0,720,0,1192,TA,10800,0,4,4,720,1949,1950,135000
884,Av,747,0,504,884,Gd,9180,0,7,5,840,1983,1983,144000
1180,Gd,1065,92,454,2062,TA,14364,55,5,7,1157,1988,1989,277000
827,None,0,0,392,827,TA,7200,0,7,5,0,1955,2007,107500
1136,No,0,728,532,2019,Gd,11414,135,8,7,728,1910,1993,167500
616,Mn,0,264,336,1304,TA,2665,24,6,5,264,1976,1976,115000
684,No,0,684,216,1368,TA,3600,158,7,6,684,1910,1993,114504
840,No,0,840,379,1605,TA,5790,0,6,3,840,1915,1950,107400
2020,No,1436,570,900,2020,Ex,12220,54,5,10,2006,2009,2009,402861
625,No,0,625,528,1250,Gd,4251,54,5,7,625,2006,2007,164700
1624,No,1456,168,757,1624,Gd,12461,114,5,8,1624,1994,1995,262000
845,No,565,280,360,845,TA,7599,0,6,4,845,1982,2006,129500
1389,Av,1071,195,418,1389,TA,10010,38,5,5,1389,1974,1975,170000
968,No,0,968,480,968,TA,8520,0,6,5,968,1923,2006,100000
546,No,0,546,286,1092,TA,2001,0,5,4,546,1970,1970,75000
848,Av,685,163,420,848,Gd,4435,0,5,6,848,2003,2004,144000
1269,No,374,363,308,1269,TA,7931,0,6,5,1269,1960,1960,155000
1092,No,170,252,288,1092,TA,11616,20,5,5,1092,1962,1962,139000
1468,No,795,0,539,2263,Gd,16659,250,7,7,795,1977,1994,235000
952,No,228,724,283,952,TA,8475,0,7,4,952,1956,1956,135750
736,No,0,736,0,1452,TA,4456,0,5,4,736,1920,2008,113000
1039,Mn,841,198,504,1039,TA,11625,0,4,5,1039,1965,1965,131500
1204,No,866,338,412,1204,TA,4500,247,5,6,1204,1998,1998,162000
1117,Av,422,480,672,1117,TA,7819,0,5,6,1029,1976,1976,107000
2196,Mn,485,1496,701,2196,Gd,14684,70,7,7,2158,1990,1991,271900
985,Av,595,390,328,985,TA,8385,0,8,5,985,1977,1977,149900
1629,No,1124,1603,880,1629,Gd,10655,0,5,8,3206,2003,2004,284000
877,No,0,861,216,1477,TA,6292,50,7,7,861,1928,1950,145000
980,No,560,420,484,980,TA,7064,0,6,5,980,1977,1977,135000
1166,No,728,367,590,2295,Gd,13346,40,5,7,1095,1992,2000,268000
900,No,0,602,180,1502,Gd,10592,0,7,6,602,1923,1996,165000
1575,Av,0,697,432,2201,Gd,19690,236,7,6,697,1966,1966,274970
1050,No,789,245,836,2078,Ex,10800,102,5,8,1034,2007,2008,339750
800,No,0,264,0,800,Fa,6120,0,3,2,264,1936,1950,60000
1578,No,0,1573,840,1578,Ex,9262,36,5,8,1573,2008,2009,287090
1932,Av,1336,596,774,1932,Ex,12444,66,5,8,1932,2008,2008,394617
1507,No,666,409,404,1507,TA,7910,0,5,5,1075,1960,1960,127000
900,No,450,432,280,900,TA,9819,0,5,5,882,1967,1967,122000
1718,Gd,1172,528,786,1718,Ex,12456,48,5,10,1700,2006,2007,337500
1089,No,0,636,240,1750,Ex,9000,0,6,5,636,1880,1991,124000
1383,No,719,660,834,2398,Gd,11787,60,5,7,1379,1996,1997,315750
774,No,0,774,680,1968,Ex,12003,75,5,8,774,2009,2010,269500
1536,Av,810,726,532,1536,Gd,9135,74,5,7,1536,2002,2003,214000
864,No,203,661,200,864,TA,8212,0,3,3,864,1914,1950,58500
3228,No,1231,1969,546,3228,Gd,12692,75,5,8,3200,1992,1993,430000
1518,No,1351,83,670,2149,Gd,12822,43,5,7,1434,2003,2003,239686
1320,No,0,1240,864,2640,Gd,11700,0,7,7,1240,1880,2003,265979
1682,No,0,1304,530,1682,TA,10400,0,6,7,1304,1970,1970,174000
1038,Mn,0,1030,878,2098,Ex,10240,52,5,8,1030,2005,2005,275500
864,No,553,0,360,864,TA,8281,0,5,5,864,1965,1965,62383
1168,Av,562,29,530,1968,TA,11075,189,4,5,784,1969,1969,172000
1097,No,338,702,480,1097,TA,9672,0,5,6,1040,1984,1985,152000
684,Mn,0,684,528,1196,Gd,12354,46,8,6,684,1920,2000,110000
1252,No,57,554,451,1920,Gd,13650,0,5,5,1052,1958,1958,172500
1728,No,231,1497,576,1728,TA,13101,0,5,5,1728,1965,1965,142600
1128,No,804,324,577,2031,Gd,9473,211,5,8,1128,2002,2002,237000
1196,No,616,580,297,1196,TA,9000,44,5,6,1196,1956,1956,139000
803,Av,116,604,360,803,TA,5000,0,6,5,720,1941,1950,87000
780,No,493,0,462,1620,TA,10793,0,5,5,780,1969,1969,152000
2097,Mn,1721,356,1134,2097,Ex,20896,267,5,8,2077,2005,2006,423000
1869,No,0,1869,617,1869,Ex,7820,54,5,9,1869,2007,2007,318061
956,No,0,930,431,1886,Gd,11214,0,5,7,930,1998,1999,199900
480,Av,50,430,308,480,TA,9000,0,3,2,480,1949,1950,35311
1296,None,0,0,516,1296,TA,10791,0,5,4,0,1967,1967,90000
816,Mn,690,126,288,816,TA,8877,0,6,4,816,1938,1958,100000
1601,No,704,567,478,1601,TA,11880,0,5,7,1271,1978,1978,157000
962,No,0,936,451,1792,TA,10261,0,5,6,936,2000,2000,186500
1352,No,1012,326,796,2520,Gd,14541,55,7,8,1338,1993,1993,310000
1144,Av,748,102,796,1144,TA,8163,0,6,5,1144,1959,1959,143000
990,No,0,612,621,2601,TA,9842,0,6,5,612,1921,1998,189000
972,No,0,972,312,1577,Fa,6435,0,5,6,972,1939,1950,140200
970,No,630,340,624,970,TA,8480,24,6,5,970,1963,1963,132500
2036,Gd,1236,80,513,2036,TA,215245,0,5,7,2136,1965,1965,375000
1026,No,439,115,440,1026,Gd,7930,48,8,6,1026,1969,2005,156000
698,No,0,698,0,698,TA,9405,200,9,5,698,1947,2008,118000
1533,Gd,655,878,576,1533,Gd,70761,54,5,7,1533,1975,1975,280000
854,No,360,360,660,1382,TA,12358,0,6,5,720,1941,1950,128500
1391,Mn,16,1375,530,1391,Gd,4282,158,5,7,1391,2004,2004,196000
1078,Mn,49,0,240,1078,Gd,9717,0,6,5,1078,1950,1996,142125
1296,No,1005,262,471,1296,Gd,6853,25,5,8,1267,2001,2002,220000
1442,No,608,834,301,1442,TA,9750,0,6,6,1442,1958,1958,157900
1024,Av,0,940,0,1964,TA,8525,192,6,5,940,1911,1950,130000
1502,No,0,1502,644,1502,Gd,9541,114,5,7,1502,2009,2009,233170
1392,No,1040,352,458,1392,TA,11900,0,5,6,1392,1957,1957,166000
1768,No,0,1768,0,1768,TA,10778,0,5,4,1768,1968,1968,136500
1582,Av,812,812,390,1582,TA,36500,198,5,5,1624,1964,1964,190000
958,Mn,498,460,301,958,TA,12772,0,8,6,958,1960,1998,151500
894,Av,777,117,600,894,TA,7200,0,5,5,894,1972,1972,123000
1224,No,883,341,402,1224,TA,4500,304,5,6,1224,1999,1999,165000
1742,Av,1280,402,846,2332,Ex,12474,134,5,10,1682,2007,2008,426000
1269,No,24,1232,430,1269,Gd,3182,20,5,8,1256,2004,2005,192000
1776,Gd,80,1652,712,1776,Gd,15306,0,5,8,1732,2006,2007,283463
728,No,0,728,390,1456,Gd,8461,24,5,6,728,2005,2006,163990
1194,Mn,655,0,539,1194,TA,8910,0,6,6,655,1959,1959,159500
1008,No,643,365,240,1008,Gd,8923,18,7,5,1008,1953,2006,134500
1555,Av,16,1357,430,1555,Gd,3182,20,5,7,1373,2005,2006,192500
892,Mn,0,747,180,1784,TA,13132,40,5,5,747,1914,1950,138887
1108,No,0,637,280,1108,Gd,7449,0,7,7,637,1930,1950,139400
754,No,0,384,400,1394,Gd,9735,0,5,5,384,2006,2007,167500
980,No,394,586,496,1714,TA,10421,66,5,7,980,1988,1988,196500
882,None,0,0,294,882,TA,8339,0,7,5,0,1959,1959,106500
1306,No,0,728,0,1306,Fa,5350,0,2,3,728,1940,1966,76500
626,No,0,626,288,1217,TA,10762,28,6,6,626,1980,1980,120000
990,No,495,495,299,990,TA,8775,64,5,5,990,1994,1994,126000
1132,Av,0,1117,691,2452,Gd,13418,32,5,8,1117,2004,2005,309000
848,Av,685,163,420,848,Gd,4435,0,5,6,848,2003,2003,140000
697,No,551,121,300,1369,TA,6629,0,6,6,672,1925,1950,103600
1218,No,27,1191,676,1218,Gd,7862,102,5,6,1218,2009,2009,208300
1423,No,0,588,672,2555,TA,11526,0,7,6,588,1922,1994,191000
1247,No,1039,208,550,1247,Gd,3316,84,5,8,1247,2005,2005,197000
1542,No,896,434,619,2872,TA,12227,282,7,6,1330,1977,1995,272000
1652,Gd,1480,120,482,1652,Gd,5587,53,5,8,1600,2008,2008,392500
1844,No,705,1139,546,1844,TA,11751,122,6,6,1844,1977,1977,190000
1113,Mn,341,772,689,1971,Gd,9675,48,5,7,1113,2005,2005,253000
1007,No,0,982,463,1800,TA,8123,63,5,6,982,2000,2000,179000
1062,No,750,300,574,1949,Gd,9938,90,5,7,1050,1993,1994,236000
630,Av,150,0,0,630,TA,1491,24,6,4,630,1972,1972,75500
1494,Mn,922,572,530,1494,Gd,12803,36,5,7,1494,2002,2002,221000
600,No,0,600,0,968,TA,5925,0,6,3,600,1910,1950,37900
1274,No,925,349,508,1274,Gd,8814,98,5,7,1274,2005,2007,203000
1520,Av,674,350,364,1520,TA,9600,0,6,6,1156,1955,1972,153000
1285,No,0,660,528,1285,TA,8197,0,5,6,660,1977,1977,143500
807,No,0,783,393,1509,Gd,7875,75,5,7,783,2003,2003,180000
1142,No,0,793,550,1935,TA,12384,113,7,7,793,1976,1976,197900
816,Av,816,0,0,816,TA,11841,32,5,6,816,1990,1990,118500
1200,No,833,343,555,1200,Gd,10083,41,5,7,1176,2003,2003,184900
997,No,0,941,548,1470,TA,8172,0,6,4,941,1954,1972,135000
1656,Gd,639,441,528,1656,TA,31770,62,5,6,1080,1960,1960,215000
792,No,0,768,240,792,Gd,9022,0,8,5,768,1924,2006,109500
1694,No,0,1694,818,1694,Gd,12030,228,5,8,1694,2007,2007,318000
1800,Gd,1274,526,765,1800,Gd,14331,78,5,8,1800,2002,2002,312500
1422,No,0,662,560,2337,TA,13600,57,5,5,662,1900,1950,90000
1168,Mn,196,844,315,1846,TA,10496,0,6,6,1040,1949,1950,143000
1026,Gd,505,0,576,1026,TA,10970,0,6,6,940,1978,1978,147000
904,No,0,876,408,904,TA,7162,0,7,5,876,1966,1966,109900
1126,No,936,190,484,1126,TA,17400,41,5,5,1126,1977,1977,160000
1136,Av,970,166,872,2468,Gd,12099,154,5,8,1136,2004,2004,354000
988,Gd,938,0,540,988,TA,21453,130,5,6,938,1969,1969,180000
1052,Av,1016,36,288,1052,TA,8400,0,5,5,1052,1968,1968,138500
572,No,0,572,0,1096,TA,9600,8,5,6,572,1924,1950,79000
1141,No,0,1141,484,1141,TA,13072,0,5,6,1141,2005,2005,142500
1012,No,247,485,484,1790,TA,10400,0,5,6,732,1972,1972,165150
1004,Mn,668,336,660,1852,Gd,9066,106,5,8,1004,1999,2000,230000
520,Av,490,30,0,754,TA,6780,0,8,6,520,1935,1982,84500
624,No,0,624,513,1344,TA,4571,0,5,5,624,1916,1950,98000
2207,Gd,912,1035,576,2207,TA,19900,0,5,7,1947,1970,1989,180000
1307,No,0,907,360,2358,TA,45600,40,8,6,907,1908,1997,240000
1175,No,575,487,831,2715,Gd,8963,204,9,8,1142,1976,1996,299800
1364,Av,659,705,484,1364,Gd,7052,36,5,7,1364,2005,2005,185850
1253,No,0,1237,402,1253,TA,7875,21,5,7,1237,1995,1996,176000
1328,No,569,678,528,1328,TA,9790,26,5,6,1328,1963,1963,143000
1422,No,0,978,286,1422,TA,12342,0,5,5,978,1960,1978,139900
1186,No,454,314,486,1986,TA,13600,42,6,7,768,1965,1990,205000
952,No,0,952,192,952,Fa,8854,98,6,6,952,1916,1950,121000
1660,Mn,1220,440,500,1660,Gd,10182,50,5,8,1660,2006,2006,290000
2234,No,1904,312,1166,2234,Ex,17423,60,5,9,2216,2008,2009,501837
790,Mn,384,384,160,790,TA,6292,141,5,6,768,1930,1950,91000
1340,Av,24,1316,396,1340,Gd,8899,30,5,7,1340,2007,2007,181134
1610,Mn,1200,410,480,1610,Gd,10603,68,7,6,1610,1977,2001,205000
1361,No,498,652,600,2620,TA,18890,24,5,5,1361,1977,1977,190000
1248,Av,16,1232,438,1248,Gd,3010,0,5,7,1248,2005,2006,167240
912,Mn,832,80,288,912,Gd,6768,0,8,6,912,1961,1996,142000
943,Gd,828,115,472,1638,TA,9042,38,5,6,943,1998,1998,192000
1622,Av,1159,90,1356,1622,TA,32463,0,4,4,1249,1961,1975,168000
1436,No,774,104,180,2320,Gd,7259,0,8,6,1028,1945,2002,259500
1144,No,572,572,456,1144,TA,7875,0,6,5,1144,1961,1961,139950
848,No,182,611,281,1520,TA,4500,0,5,5,793,1932,2000,159434
1516,No,196,975,472,1516,TA,10004,0,6,6,1516,1964,1964,167000
1498,Mn,0,1498,675,1498,Gd,8990,33,5,7,1498,2006,2006,204900
804,No,690,114,560,1961,Gd,12209,192,5,6,804,2001,2002,215000
728,No,0,728,440,1456,Gd,11103,0,5,7,728,2006,2006,155835
1207,Mn,0,1032,349,2403,TA,24090,0,7,7,1032,1940,1950,244400
1944,Gd,1274,622,708,1944,Ex,12378,175,5,9,1896,2003,2004,360000
1368,No,0,1368,474,1368,Gd,6955,35,5,7,1368,2005,2006,202500
882,No,633,240,588,1790,Gd,9179,88,5,7,873,1999,1999,193000
1476,Av,1330,122,858,2713,Ex,14948,66,5,9,1452,2008,2008,446261
720,No,0,720,312,1271,TA,21286,0,5,5,720,1948,1950,135000
1872,Av,929,916,604,1872,TA,10400,39,5,7,1845,1988,1988,241500
1190,Mn,828,180,577,2090,Gd,5062,0,5,7,1190,1984,1984,207500
882,Mn,706,88,546,1796,TA,9531,36,5,6,794,1998,1998,211000
1302,Av,0,1302,436,1302,Gd,8993,22,5,7,1302,2007,2007,176485
2524,No,1104,1420,542,2524,Gd,9600,120,5,8,2524,1981,1981,278000
840,No,315,420,338,1374,TA,5400,0,6,4,840,1920,1950,105000
764,No,567,197,474,1626,Gd,2268,27,5,7,764,2003,2004,173000
735,No,0,735,240,1034,TA,10134,39,6,5,735,1940,1950,109000
1518,Gd,1218,300,588,1518,Ex,12677,140,5,8,1518,2003,2004,274000
1226,No,224,816,240,1818,TA,7758,0,4,7,1040,1931,1950,169500
1661,No,0,1649,598,1661,Gd,12137,34,5,7,1649,1998,1998,224900
1096,Mn,297,0,432,1991,TA,11275,0,7,6,854,1932,1950,220000
832,No,624,26,324,1482,TA,9000,0,9,7,650,1920,1988,143000
1742,Gd,1148,594,564,1742,Gd,6563,28,5,8,1742,1985,1985,275000
686,No,0,686,280,1250,Fa,8248,0,7,5,686,1918,1950,116000
816,No,0,816,528,1176,TA,6240,0,6,6,816,1934,1950,114500
927,Mn,789,119,506,1915,Gd,10041,150,5,8,908,1992,1992,220000
1192,No,388,552,240,1595,TA,8400,0,5,6,940,1940,2000,140000
1661,Av,831,161,377,1661,Gd,9600,28,6,6,992,1955,1996,165500
832,No,544,288,552,1935,TA,8004,150,5,8,832,2009,2009,263435
1795,No,0,1777,534,1795,Gd,9742,159,5,8,1777,2002,2002,230000
847,No,0,847,434,1928,Gd,8200,48,5,7,847,2003,2004,219500
1159,No,673,378,336,1159,TA,11553,0,5,5,1051,1968,1968,158000
855,No,311,544,440,1456,TA,2280,0,5,6,855,1978,1978,146000
1137,No,341,457,431,1954,Gd,15660,119,9,7,798,1939,2006,311500
2028,Gd,1460,408,880,2028,Gd,11443,66,5,8,1868,2005,2006,369900
2898,Av,1165,0,665,2898,Gd,15498,72,6,8,1565,1976,1976,287000
814,No,533,281,663,1674,Gd,7500,96,5,7,814,2000,2000,216000
974,Mn,212,762,0,974,TA,10712,28,5,5,974,1991,1992,93500
1091,Mn,932,133,586,1989,Gd,11367,60,5,8,1065,2002,2002,255000
1080,No,50,499,678,2097,Gd,11228,187,5,7,1080,1993,1993,228000
1442,No,0,1424,500,1442,TA,11851,34,5,7,1424,1990,1990,180500
1130,No,821,299,720,1130,TA,10800,0,6,5,1120,1920,1950,120000
1133,No,329,697,240,1820,TA,9120,100,6,7,1026,1925,1950,184000
1378,No,0,689,583,2119,TA,10448,104,6,6,689,1972,1972,158000
1264,No,0,1234,666,2576,Ex,12438,100,5,8,1234,2006,2006,361919
780,No,0,780,0,1020,TA,6342,0,8,5,780,1875,1996,94000
1095,No,0,1095,779,1774,TA,9600,0,2,4,1095,1900,1950,87000
904,Gd,350,333,0,904,Fa,10020,0,1,1,683,1922,1950,61000
673,No,641,32,490,1382,Gd,2651,50,5,7,673,2000,2000,165000
1518,Mn,0,1107,840,3608,Ex,22950,260,9,10,1107,1892,1993,475000
1178,Mn,0,1008,205,2210,Fa,9900,48,4,6,1008,1880,1950,117500
806,No,0,806,373,1572,TA,10364,40,5,6,806,1995,1996,168000
1824,Gd,1219,424,739,1824,Gd,115149,48,5,7,1643,1971,2002,302000
1056,No,775,281,304,1056,TA,8450,85,6,5,1056,1968,1968,142000
949,No,392,392,392,1221,TA,9738,0,7,5,784,1924,1950,104900
1362,No,288,700,504,1362,TA,10197,20,5,6,1362,1961,1961,163000
848,Gd,697,151,420,848,Gd,4426,0,5,6,848,2004,2004,141000
1434,No,20,1434,527,1434,Gd,8529,39,5,7,1454,2001,2001,189000
1208,No,664,544,628,1208,Gd,6762,54,5,7,1208,2007,2007,195400
1096,No,626,170,566,1466,Gd,10800,21,8,5,796,1936,1989,170000
1987,Gd,1314,672,691,1987,Gd,14303,36,5,8,1986,1994,1994,301500
1325,Gd,1173,138,983,2418,Gd,10542,154,5,7,1311,1993,1994,341000
1314,No,904,410,626,1314,Gd,5063,62,5,7,1314,2007,2008,207500
970,No,0,970,380,1709,Gd,2522,40,5,7,970,2004,2004,137500
672,No,0,672,0,1218,TA,1680,0,5,6,672,1971,1971,91500
1440,No,256,1184,0,3395,Fa,10896,110,7,6,1440,1914,1995,200000
1200,Gd,1200,0,0,1200,TA,10800,0,5,5,1200,1987,1988,179000
912,No,111,522,297,912,TA,7535,285,7,5,912,1958,1985,120000
2444,Gd,1455,989,832,4316,Ex,21535,50,6,10,2444,1994,1995,755000
856,No,706,150,548,1710,Gd,8450,61,5,7,856,2003,2003,208500
1234,No,0,1181,656,2374,Ex,11999,100,5,8,1181,2003,2004,285000
860,No,275,429,234,1564,Fa,12000,0,7,7,704,1941,1950,174500
1466,No,176,1290,528,1466,Fa,17755,140,4,5,1466,1959,1959,149900
1383,No,565,818,292,1383,TA,11600,45,5,6,1383,1960,1960,145250
1535,None,0,0,410,1535,TA,7018,0,5,5,0,1979,1979,118964
990,No,716,274,576,990,TA,13568,0,5,5,990,1995,1995,156000
918,No,364,554,240,1646,TA,7128,0,5,7,918,1941,1950,164000
908,No,0,1020,440,1928,Fa,9142,60,8,6,1020,1910,1950,137000
1040,No,315,114,550,1725,TA,11584,88,6,7,539,1979,1979,197000
2129,No,700,983,541,2872,Gd,10678,33,5,8,1683,1992,2000,285000
1092,Mn,500,176,576,2112,TA,11075,0,5,6,952,1969,1969,206900
757,No,672,0,240,1324,TA,6000,0,6,4,672,1936,1950,128000
520,No,0,600,480,1200,Gd,3180,166,5,7,600,2005,2005,144152
672,No,456,216,468,1344,TA,10690,128,7,5,672,1920,1997,147000
840,No,0,840,500,1668,Gd,11317,68,5,7,840,2003,2003,180000
1040,None,0,0,400,1040,TA,8544,0,4,3,0,1950,1950,93500
900,Mn,234,180,576,900,Gd,7200,32,7,5,900,1951,2000,134800
1559,No,338,1221,812,1559,TA,8100,116,6,5,1559,1948,1973,153500
948,No,492,372,248,948,TA,10215,0,5,4,864,1954,1954,111000
923,No,543,261,264,923,TA,8012,0,5,6,923,1980,1980,143000
1552,Av,24,1528,782,1552,Gd,10084,20,5,7,1552,2005,2006,212900
961,No,216,540,642,1717,Gd,9550,35,5,7,756,1915,1970,140000
1721,No,570,891,440,1721,TA,10335,96,6,5,1461,1968,1993,180000
483,No,330,153,264,987,TA,1680,0,5,6,483,1973,1973,100000
1200,No,334,322,521,1200,Gd,11249,26,5,6,1200,1995,1995,177500
1148,No,292,476,281,1716,TA,11409,0,4,5,768,1949,2008,131000
894,No,553,224,336,894,TA,8450,144,8,5,894,1965,2009,138500
1771,None,0,0,336,1771,TA,21750,0,4,5,0,1960,2006,115000
1173,Gd,885,0,528,1173,Gd,10625,120,6,7,1053,1974,1974,170000
1287,No,72,733,576,1287,Gd,9830,17,7,5,1063,1959,2006,162000
1382,No,547,504,459,1382,TA,11235,82,5,4,1051,1963,1979,148000
1214,No,565,638,721,2520,Gd,9950,114,5,7,1203,1995,1995,290000
1215,No,585,630,297,1215,TA,12400,0,7,6,1215,1958,1998,155000
1203,No,740,425,844,2526,Gd,10120,78,5,8,1165,1994,1994,290000
600,No,0,600,480,1200,Gd,3182,172,5,7,600,2004,2005,151000
1728,No,1606,122,560,1728,TA,9297,0,5,5,1728,1976,1976,188000
902,No,0,576,480,1710,TA,10300,11,6,7,576,1921,1950,140000
1407,No,1074,322,870,2392,Gd,9452,70,5,8,1396,1997,1998,348000
1014,No,402,594,457,1744,Gd,9453,70,7,7,996,1993,2003,194500
822,No,0,813,562,1665,Gd,8125,0,6,7,813,2007,2007,205950
1282,Av,984,280,792,2696,Ex,9965,184,5,7,1264,2007,2007,383970
864,No,616,248,528,864,TA,9000,0,6,4,864,1971,1971,120500
672,No,344,328,234,672,TA,9340,113,6,4,672,1941,1950,113000
1320,Av,328,285,564,1320,TA,11777,68,6,5,1164,1966,1966,164500
958,No,120,958,440,958,TA,4928,205,5,6,1078,1976,1976,128000
1710,Mn,0,1710,550,1710,Gd,12118,48,5,7,1710,2004,2005,240000
1265,Gd,633,586,502,1265,Gd,9350,92,8,5,1219,1965,1999,179900
1456,Gd,0,1273,400,1456,Gd,3196,20,5,8,1273,2003,2003,215000
1067,No,0,927,576,1539,TA,6120,0,6,5,927,1936,1950,141500
1959,No,0,1907,766,1959,TA,11070,0,5,7,1907,1988,1989,171000
1008,No,0,1008,0,1522,TA,6000,0,5,5,1008,1926,1950,102000
1124,None,0,0,0,1124,TA,8335,36,5,5,0,1954,1954,93000
1107,Mn,859,216,484,2090,TA,10382,204,6,7,1107,1973,1973,200000
1214,No,698,420,461,1214,TA,9170,0,7,5,1214,1965,1965,140000
1779,Mn,306,372,454,1779,TA,17920,418,4,5,1763,1955,1974,170000
1629,Av,1300,316,808,1629,Gd,14536,252,5,8,1616,2002,2003,270000
1554,Mn,24,1530,627,1554,Gd,4590,73,5,8,1554,2006,2006,209500
993,No,0,964,642,2236,Gd,13006,0,5,7,964,1997,1997,222000
796,No,0,796,0,796,TA,3636,0,4,4,796,1922,1950,55000
840,No,0,840,308,1680,TA,15576,0,7,6,840,1915,1976,177000
848,Av,686,162,420,848,Gd,4435,0,5,6,848,2003,2003,136500
1142,No,874,268,528,1142,TA,4224,90,5,5,1142,1976,1976,134000
1252,Gd,429,93,564,1252,TA,13500,0,7,6,1602,1960,1975,235000
1684,No,28,1656,564,1684,Ex,8849,72,5,9,1684,2005,2005,266000
2000,No,1464,536,888,2000,Gd,10386,0,5,8,2000,2004,2005,305900
1616,Av,0,1616,834,1616,Gd,8688,59,5,7,1616,2005,2005,232000
1299,Av,990,309,531,1872,Ex,11885,122,5,8,1299,2001,2001,261500
1042,No,0,1042,225,1576,TA,6240,0,6,5,1042,1928,1950,149000
1175,Av,421,386,575,1982,Gd,11287,84,6,7,807,1989,1989,228500
988,No,534,246,276,988,TA,7200,80,7,5,876,1950,1950,119000
1844,No,976,868,620,1844,Gd,10994,44,5,8,1844,2005,2006,257000
1258,No,656,602,528,1258,Gd,11040,0,7,6,1258,1971,2004,145000
1288,No,786,474,500,1288,Ex,14963,30,5,8,1260,1996,1996,245500
1634,No,0,1626,866,1634,Gd,11428,44,5,8,1626,2006,2006,250000
855,No,257,103,440,1322,TA,2308,0,5,6,855,1974,1974,147000
707,Av,0,707,403,1414,Gd,9056,35,5,8,707,2004,2004,178000
1504,Gd,690,814,478,1504,Gd,11883,66,5,7,1504,1996,1996,203000
1670,No,0,1670,690,1670,Gd,14859,60,5,7,1670,2006,2006,240000
1516,Gd,125,36,518,2167,Gd,17542,47,7,7,1192,1974,2003,294000
1069,No,559,510,440,1069,TA,4043,55,6,6,1069,1977,1977,140000
1072,Gd,547,0,525,1072,TA,3675,44,5,6,547,2005,2006,140000
1572,Gd,1159,413,995,1572,TA,35133,263,4,5,1572,1963,1963,186700
1188,No,1088,0,456,1869,TA,8820,0,6,5,1088,1890,1996,124900
882,No,0,882,0,882,TA,5500,0,6,4,882,1956,1956,103200
1922,Gd,1249,673,676,1922,Gd,14157,51,5,9,1922,2005,2006,377426
780,Av,632,148,352,780,TA,7200,0,7,5,780,1972,1972,124900
1021,No,0,533,300,1601,TA,13825,34,6,5,533,1958,1987,140000
1530,Av,1274,256,430,1530,Gd,16158,36,5,7,1530,2005,2005,260000
833,No,625,208,0,833,TA,8780,0,5,5,833,1985,1985,112000
679,No,331,318,308,1183,TA,6000,176,7,3,649,1948,2002,120000
1040,No,659,381,260,1040,TA,6897,104,8,5,1040,1962,2010,127000
1466,Gd,1150,316,1052,2828,Gd,9965,144,5,8,1466,2006,2007,424870
1032,No,280,752,288,1252,TA,9600,0,5,6,1032,1950,1950,119000
1246,No,340,0,305,1246,Gd,7500,0,7,5,1246,1959,1994,154000
904,No,0,884,180,904,TA,6000,0,7,6,884,1926,2004,119000
966,No,686,0,416,1652,TA,10800,0,6,5,686,1915,1950,139000
1036,No,375,457,288,1268,TA,12144,28,7,5,832,1949,1950,133000
1172,No,0,896,342,1913,TA,7558,0,6,6,896,1928,1950,177000
1358,Mn,733,625,484,1358,Gd,6371,35,5,7,1358,2009,2010,224000
1657,No,1237,420,484,1657,TA,12155,0,3,6,1657,1970,1970,163500
838,Mn,210,0,275,838,Fa,10267,0,7,6,816,1918,2000,130000
1022,No,772,220,390,2060,Gd,8755,0,5,7,992,1999,1999,214000
764,No,573,191,474,1626,Gd,2448,27,5,7,764,2003,2004,154000
663,No,371,292,299,1352,TA,9364,36,7,6,663,1969,1969,158000
968,No,368,359,240,1376,TA,9492,0,5,5,768,1941,1950,105000
849,No,326,389,240,1660,TA,11988,0,7,6,715,1934,1995,188700
616,No,0,616,432,1412,Gd,8499,36,5,6,616,2006,2007,156932
756,No,0,756,216,1469,TA,10320,0,7,6,756,1906,1995,135000
774,No,0,384,400,1430,TA,9967,0,5,7,384,2000,2000,170000
1094,Mn,500,594,495,1094,TA,10452,0,5,6,1094,1953,1953,155000
1826,Gd,1422,392,758,1826,Gd,11302,75,5,8,1814,2005,2006,319000
672,Mn,0,672,576,924,TA,8064,0,7,5,672,1949,2006,122900
1502,Av,368,0,528,1502,Gd,6820,54,5,8,1488,1985,1985,212000
616,Gd,462,154,603,1688,Gd,12798,114,5,6,616,1997,1997,200000
1262,No,905,357,572,1262,Gd,7200,120,5,6,1262,2006,2006,185000
1905,No,0,1905,788,1905,Ex,11670,191,5,9,1905,2006,2006,320000
1153,Av,252,901,541,2031,Gd,11404,84,5,7,1153,1998,1999,222500
1350,No,0,1064,478,1350,TA,10140,0,5,6,1064,1974,1974,165000
941,No,483,458,613,1829,Gd,9548,39,6,7,941,2003,2003,237000
965,No,641,187,300,965,TA,7800,0,5,5,828,1965,1965,119900
672,No,348,324,280,924,Fa,12180,0,4,4,672,1941,1950,80000
1055,No,0,1055,905,2263,Gd,9240,45,5,8,1055,2001,2002,287000
1236,No,626,501,540,2108,Gd,13728,0,7,6,1127,1935,1986,235000
1242,No,916,326,528,1242,TA,9600,0,6,7,1242,1973,1973,175500
989,No,0,884,240,1573,Gd,6120,0,7,4,884,1935,1995,133000
884,No,0,884,434,2035,Gd,9505,48,5,7,884,2001,2001,222500
1232,No,660,572,516,1232,TA,11120,0,6,6,1232,1984,1984,162500
1098,No,403,400,483,1964,TA,10480,69,6,7,803,1976,1976,205000
792,No,0,576,0,1140,TA,8800,160,7,4,576,1910,2004,96500
894,No,702,192,450,894,Gd,9764,0,7,5,894,1967,2003,130000
1512,Mn,619,435,619,2654,Gd,11029,65,7,6,1054,1968,1984,250000
768,Av,660,108,396,768,TA,7200,0,8,5,768,1972,2003,133900
672,None,0,0,0,912,TA,6240,0,5,4,0,1947,1950,80500
1040,Av,650,390,504,2080,Fa,11606,0,5,5,1040,1969,1969,135000
1040,No,732,308,576,1040,Gd,12464,0,5,5,1040,1996,1996,152000
1149,Mn,370,779,216,1616,Gd,5400,0,7,6,1149,1926,2004,152000
1047,No,0,641,273,1047,TA,10800,0,7,4,641,1885,1995,100000
1803,No,168,284,484,1803,TA,13125,0,4,5,1134,1957,2000,155000
832,No,0,832,528,832,Gd,7227,0,6,6,832,1954,1954,105500
894,No,180,340,384,894,TA,7094,0,5,5,894,1966,1966,125000
596,Mn,0,596,189,1192,TA,6402,0,5,5,596,1920,1950,78000
1850,Gd,1261,572,772,1850,Gd,16033,112,5,9,1833,2004,2005,326000
899,No,450,414,288,899,Gd,7800,0,7,5,864,1967,2004,130000
892,No,340,524,264,892,TA,9477,0,5,5,864,1966,1966,110000
1260,Mn,1046,168,506,2291,TA,7200,0,6,6,1214,1910,1998,133900
1075,No,0,849,360,2138,TA,8100,156,5,5,849,1898,1965,106000
926,No,0,926,470,1604,TA,10839,36,5,6,926,1997,1998,181000
887,No,0,868,422,2021,Gd,23257,100,5,7,868,2006,2006,274725
938,Av,280,167,308,938,TA,9200,0,6,5,938,1975,1980,130250
912,No,0,912,216,1426,Gd,7642,240,8,7,912,1918,1998,189950
928,No,220,708,400,1920,TA,11345,0,5,5,928,1948,1950,137000
1098,No,902,196,260,1098,TA,7390,0,7,5,1098,1955,1955,135000
729,No,0,270,0,729,TA,4130,0,6,3,270,1935,2003,52000
1252,No,0,1252,528,1252,Gd,10721,39,6,6,1252,1959,1959,142000
1584,No,0,1584,792,1584,TA,8944,152,5,5,1584,1967,1967,124000
1506,No,0,1498,592,1506,Ex,14587,174,5,9,1498,2008,2008,264132
1709,Av,1238,460,506,1709,Gd,5119,65,5,9,1698,1999,2000,328900
1092,No,895,197,299,1092,TA,14850,0,5,5,1092,1957,1957,141000
1746,Gd,1320,426,758,1746,Ex,14892,39,5,9,1746,2006,2007,377500
1304,No,603,701,667,2287,TA,15593,21,4,7,1304,1953,1953,225000
789,No,0,768,200,789,TA,10594,0,5,5,768,1926,1950,96500
1041,No,991,50,270,1041,TA,9600,88,6,5,1041,1959,1959,124500
993,No,0,967,431,1908,Gd,14191,0,5,8,967,2002,2002,202900
1010,No,0,1010,390,2267,Gd,8068,46,5,6,1010,2002,2002,200000
875,No,209,506,180,875,TA,6120,0,7,5,715,1931,1993,105000
1526,Av,383,833,364,1526,TA,8562,78,6,5,1216,1957,2002,144500
1567,Gd,1567,0,714,1567,Gd,9819,32,5,6,1567,1977,1977,196000
1734,Gd,0,1734,1020,2822,Ex,13891,170,5,9,1734,2008,2009,582933
689,No,141,548,360,1378,Gd,9600,0,9,7,689,1928,2005,161000
1281,No,0,715,368,1738,TA,12513,0,4,4,715,1920,2007,104900
1164,No,831,320,521,2060,TA,10029,228,5,6,1151,1988,1989,211000
1128,No,812,124,286,1128,TA,9000,0,5,5,936,1954,1954,118000
840,No,0,840,440,1720,Gd,8244,48,5,7,840,2004,2004,183500
1050,No,504,546,338,1050,TA,9600,0,6,5,1050,1956,1956,128900
1114,No,814,300,576,1114,Gd,13695,78,5,6,1114,2003,2004,155000
1053,No,567,413,750,1053,Ex,8973,80,7,5,1008,1958,1991,150000
1593,Av,1153,440,682,1593,Ex,4923,120,5,8,1593,2001,2002,286000
1214,No,695,519,318,1214,TA,10355,111,5,5,1214,1967,1967,143000
816,No,641,175,264,816,Gd,6600,0,9,5,816,1982,2008,130500
1535,None,0,0,400,1535,TA,7018,0,5,5,0,1979,1979,118858
1360,No,1036,140,795,3112,Gd,25419,16,4,8,1360,1918,1990,235000
1079,Av,0,1079,685,1919,Gd,15611,51,5,8,1079,2006,2006,233230
1097,No,0,1097,672,1097,TA,10859,64,5,5,1097,1994,1995,145000
983,Mn,660,323,423,1750,TA,12508,0,7,6,983,1940,1985,160000
483,No,0,483,288,987,TA,1680,0,5,6,483,1972,1972,94500
981,No,282,664,576,981,TA,10530,312,5,6,981,1971,1971,143250
1700,No,1018,380,447,1700,Gd,10552,38,5,5,1398,1959,1959,165500
816,No,708,108,308,816,TA,7100,0,7,5,816,1957,1957,129900
944,No,666,278,622,1840,Gd,12420,45,5,7,944,2001,2001,230000
1291,No,837,105,576,2521,TA,3964,20,4,6,942,1973,1973,151400
1002,No,828,174,902,1002,TA,8750,0,6,5,1002,1970,1970,148500
841,No,0,721,294,841,TA,8400,0,4,4,721,1950,1950,82000
996,Av,747,189,564,996,Gd,9069,0,6,6,936,1992,1992,147000
1713,Av,1088,625,856,1713,Ex,9591,26,5,8,1713,2004,2005,274900
1412,Mn,1005,387,576,1412,Gd,11457,0,5,6,1392,1988,1988,175000
1236,No,600,312,923,1236,TA,7407,158,7,6,912,1957,1996,149700
1040,Gd,633,431,648,1040,TA,25286,0,5,4,1064,1963,1963,132250
1616,No,1180,415,608,1616,Gd,5389,152,5,8,1595,1995,1996,236500
1414,No,528,245,601,1414,TA,11029,51,8,6,1184,1958,2002,176500
975,No,649,326,576,1950,Gd,7399,10,5,7,975,1997,1998,239000
1086,No,320,404,490,1086,TA,10200,0,7,5,1086,1954,2003,144900
1072,Gd,1309,15,528,1576,Gd,21384,312,6,5,1324,1923,2004,223500
768,Av,619,149,624,768,TA,7244,0,7,5,768,1970,1970,129500
1381,No,982,179,676,1381,Gd,9360,0,7,6,1161,1972,2006,197500
1284,No,0,1284,647,2169,Gd,9375,87,5,8,1284,2002,2002,228500
720,None,0,0,287,720,TA,6627,0,6,3,0,1949,1950,72500
1584,No,493,1017,520,2792,TA,10440,547,7,6,1510,1920,1950,256000
936,No,0,936,576,936,TA,6000,32,4,4,936,1953,1953,93000
1181,Av,920,38,588,1181,TA,10012,0,5,4,1138,1972,1972,137500
1689,Av,0,1689,954,1689,Gd,9849,56,6,7,1689,2007,2007,248328
948,No,732,216,280,948,TA,8190,36,6,4,948,1954,1954,119000
756,No,420,336,440,1512,Gd,2117,32,5,6,756,2000,2000,168500
894,No,492,402,450,894,TA,8724,0,5,5,894,1968,1968,129000
932,No,822,78,644,1852,Gd,8640,108,5,7,900,2009,2009,252678
845,None,0,0,290,845,TA,11500,0,3,4,0,1957,1957,84000
774,No,544,0,0,774,Gd,4270,0,6,3,544,1931,2006,79000
2053,Av,816,1217,666,3238,Gd,14720,86,5,8,2033,1995,1996,410000
1232,Av,724,508,632,1232,Gd,7314,0,5,7,1232,2007,2007,194500
1164,No,0,1164,528,1164,TA,9600,0,5,7,1164,1969,1969,140000
912,No,324,588,160,1248,TA,9439,0,5,5,912,1930,1950,87000
1687,Av,353,60,572,1687,TA,57200,0,5,5,747,1948,1950,160000
860,No,625,235,440,1960,Gd,7851,48,5,6,860,2002,2002,216500
546,No,273,0,286,1092,TA,2217,0,4,4,546,1970,1970,88000
894,No,552,342,400,894,TA,9450,0,5,4,894,1954,1954,110000
1479,Av,1013,440,558,1479,Gd,10665,29,5,7,1453,2003,2003,226000
1060,Mn,188,204,270,1060,Gd,8246,90,8,5,1060,1968,2001,154000
1436,Mn,946,490,484,1436,Gd,8450,98,5,7,1436,2004,2004,210000
1044,Av,0,540,504,1044,Fa,8712,0,5,5,540,1952,1952,55993
880,Mn,390,490,320,1768,TA,10800,341,7,7,880,1914,1970,163000
816,Av,538,278,432,816,TA,5890,0,8,6,816,1930,2007,120500
774,No,250,134,400,1430,TA,7750,0,5,7,384,2000,2000,180000
1867,No,379,470,303,1867,TA,10708,0,5,5,1617,1955,1993,190000
1500,Av,1070,286,648,1500,Gd,4045,20,5,7,1356,2006,2006,246578
1100,No,419,375,312,1100,TA,12493,0,5,4,1100,1960,1960,141000
816,Gd,546,270,264,816,TA,8314,0,7,5,816,1982,1982,124500
1328,Gd,967,383,308,1328,TA,16905,104,6,5,1350,1959,1959,170000
1728,Gd,1338,384,842,2296,Ex,13478,274,5,10,1722,2008,2008,451950
864,No,167,697,572,864,TA,8172,0,7,5,864,1955,1990,115000
1266,No,0,1257,453,1266,Gd,7500,144,5,7,1257,2005,2005,176000
858,No,614,244,0,858,TA,8125,0,4,4,858,1971,1971,88000
832,No,426,406,506,1710,Gd,9291,70,5,6,832,1993,1993,187000
772,No,0,732,264,1123,TA,6060,0,5,4,732,1939,1950,100000
953,No,0,953,460,1647,TA,7917,40,5,6,953,1999,2000,175000
874,No,510,354,288,874,TA,9858,0,6,5,864,1968,1968,130000
1788,Av,0,1753,522,1788,Ex,11838,151,5,8,1753,2001,2001,236500
1839,No,1186,291,416,1839,Gd,14442,87,7,6,1477,1957,2004,257500
1088,No,381,399,484,1868,Gd,10304,96,7,5,780,1976,1976,197500
1712,No,528,1098,588,1712,TA,8393,54,5,5,1626,1959,2005,145000
561,No,285,276,462,1229,TA,1300,0,6,6,561,1980,1980,124000
1600,No,0,1566,890,1600,Gd,14230,56,5,8,1566,2007,2007,256300
916,Av,0,916,460,1600,TA,8773,38,5,6,916,1997,1997,169000
896,No,0,896,240,1344,TA,6240,114,4,5,896,1936,1950,115000
1126,Av,767,266,540,1126,Ex,15611,0,6,5,1126,1977,1977,175000
923,No,658,218,264,923,TA,6951,0,5,5,876,1984,1985,119500
616,No,616,0,205,616,TA,6000,0,7,5,616,1921,1950,89000
1800,No,0,1800,0,1800,TA,8000,0,4,5,1800,1961,1961,141000
1505,No,1024,481,505,1505,TA,12160,0,4,6,1505,1953,1953,149500
1647,Mn,1283,0,621,1647,Gd,12984,0,6,5,1430,1977,1977,217500
1132,No,1024,108,451,1132,Gd,7024,64,5,4,1132,2005,2005,176000
928,No,821,107,470,1764,Gd,15426,99,5,6,928,1997,1997,231500
1088,None,0,0,240,1529,TA,8405,0,3,4,0,1945,1950,98000
1699,No,0,804,336,2447,Gd,9638,0,7,6,804,1919,1990,169000
1504,No,16,1330,457,1504,Gd,3182,0,5,7,1346,2005,2006,181000
1163,No,256,906,220,1163,TA,5820,98,8,3,1162,1955,2005,126175
769,No,436,320,440,1525,Gd,2117,0,5,6,756,2000,2000,177000
935,No,560,0,288,935,TA,13526,0,6,5,935,1965,1965,137000
813,No,0,813,270,813,Gd,5684,113,8,6,813,1930,2005,110000
1112,No,603,293,230,2008,Ex,7800,0,8,5,896,1948,2002,225000
1532,No,1085,390,514,2329,Gd,11839,121,5,7,1475,1990,1990,262280
910,No,420,490,282,1558,TA,13710,0,5,5,910,1950,1950,152000
832,No,194,638,528,1664,TA,10140,28,5,7,832,1976,1976,162900
2110,No,1065,1045,522,2110,Ex,11160,0,5,7,2110,1968,1968,244000
905,No,648,176,684,1786,Gd,9337,162,5,6,824,1997,1997,204750
925,No,548,36,336,1475,TA,2665,26,6,5,757,1977,1977,127000
811,No,0,811,256,1387,Gd,6000,0,4,5,811,1954,1954,93000
976,No,0,976,380,1708,Gd,3363,40,5,7,976,2004,2004,130000
1085,No,600,312,440,1734,Gd,9786,0,7,6,912,1962,1981,159000
1766,No,664,290,520,2414,TA,10800,0,4,5,954,1900,1970,160000
933,No,642,273,493,1908,Gd,8750,133,5,7,915,1994,1995,210000
1283,No,504,319,506,1283,TA,7763,0,7,5,931,1962,1980,140000
1212,No,0,1212,573,1212,Gd,9100,0,5,7,1212,2001,2001,178000
952,No,0,952,672,1548,Ex,7264,0,7,7,952,1925,2007,205000
980,Av,400,100,384,980,TA,9750,0,5,5,980,1967,1967,135500
1811,No,296,230,470,1811,Ex,14115,0,7,6,1073,1956,2004,230000
1056,No,1056,0,384,1056,TA,8900,42,4,4,1056,1966,1966,107000
1234,Av,0,1234,484,1234,Gd,11049,30,5,8,1234,2007,2007,179900
630,No,0,630,440,1302,TA,2016,0,5,5,630,1970,1970,106000
1035,No,0,319,0,1406,Fa,7920,144,7,6,319,1920,1950,89500
858,Av,685,173,576,858,TA,7252,0,5,5,858,1982,1982,134900
1182,No,998,177,736,2324,Ex,11924,21,5,9,1175,2005,2006,345000
910,Av,0,105,414,910,Gd,8892,0,7,5,105,1953,1996,116000
798,Gd,674,0,442,1611,TA,9760,128,6,6,780,1964,1964,167900
684,Av,0,684,400,1560,Gd,11911,38,5,6,684,2005,2005,174000
2020,None,0,0,630,2020,TA,8400,0,5,5,0,1977,1977,144000
1338,Mn,616,722,582,1338,Gd,4920,0,5,8,1338,2001,2001,213500
1188,No,593,595,312,1188,TA,26142,39,7,5,1188,1962,1962,157900
1459,No,0,1459,527,1459,Gd,8749,39,5,7,1459,2002,2002,192000
1306,Gd,1201,105,533,2260,Gd,14000,44,5,7,1306,1996,1997,328000
1430,No,0,1413,605,1430,Gd,16285,33,5,7,1413,2001,2002,187100
996,No,290,706,0,996,TA,13907,0,6,5,996,1940,1969,108000
1092,No,787,305,504,1092,TA,8250,0,7,6,1092,1964,1964,145000
625,No,0,625,625,1250,Gd,4017,54,5,7,625,2006,2007,171900
864,No,0,864,572,1728,Gd,9313,56,5,7,864,2004,2004,190000
924,No,0,924,280,924,TA,7990,0,6,5,924,1975,1975,110000
1199,No,300,899,530,1199,Gd,7892,63,5,6,1199,1993,1993,153900
948,No,0,948,300,948,TA,8978,0,5,5,948,1968,1968,108000
925,No,338,121,429,925,TA,9100,0,6,5,925,1965,1965,117500
835,No,108,350,366,835,TA,10625,0,5,5,458,1920,1950,83000
1580,No,0,1580,610,2466,Gd,11143,214,5,8,1580,2004,2005,340000
1216,No,445,479,487,2157,Gd,14200,66,6,7,924,1966,1966,226000
1060,No,840,200,572,1060,TA,4224,110,7,5,1040,1976,1976,129900
2633,Gd,1282,1351,804,2633,Ex,11400,140,5,10,2633,2001,2002,466500
1048,No,0,993,280,1048,TA,6380,0,6,5,993,1922,1950,113000
953,No,0,953,460,1664,TA,8121,40,5,6,953,2000,2000,172400
784,No,0,784,360,784,TA,9000,0,3,6,784,1928,1950,76000
1279,No,641,276,473,1279,TA,10125,83,6,6,1196,1977,1977,171500
1229,No,1059,75,284,1229,TA,17140,0,6,4,1134,1956,1956,135000
1268,No,540,728,244,1268,TA,7800,98,6,5,1268,1954,1954,132000
1428,No,0,1428,480,1428,Gd,11639,120,5,7,1428,2007,2008,182000
1125,Av,631,410,352,1125,TA,7200,0,6,6,1041,1976,1976,125000
1008,No,486,522,275,1008,TA,11425,0,6,5,1008,1954,1954,137000
1630,Gd,0,1622,860,1630,Ex,10226,42,5,8,1622,2008,2008,295493
864,No,503,361,673,1728,Gd,8791,56,5,6,864,2003,2003,207500
1211,No,250,210,322,1211,TA,8250,63,5,5,952,1968,1968,134000
1040,No,369,671,286,1040,TA,7560,0,5,5,1040,1959,1959,133700
1707,No,0,1686,511,1707,TA,16669,64,6,8,1686,1981,1981,228000
955,No,0,935,462,1632,TA,9084,28,5,7,935,1998,1998,176500
1392,No,1302,90,528,1392,TA,11341,0,6,5,1392,1957,1996,121500
1319,No,428,0,270,1319,TA,10634,0,6,5,608,1953,1953,123000
742,No,0,742,390,1484,Gd,12589,24,5,6,742,2005,2005,174000
971,Gd,523,448,300,971,TA,9920,0,6,5,971,1969,1969,128500
1062,Av,539,490,539,1062,TA,11333,0,5,6,1029,1976,1976,146800
980,Gd,945,0,0,980,TA,9400,0,5,6,945,1975,1975,127500
1405,No,0,1405,478,1405,Gd,3136,36,5,7,1405,2003,2003,171750
959,No,786,173,472,1671,TA,10852,38,5,6,959,2000,2000,173000
1074,No,788,268,495,1074,TA,10140,88,6,5,1056,1975,1975,153500
1547,None,0,0,672,2320,TA,14762,144,6,5,0,1948,1950,169000
918,No,0,918,264,918,TA,7892,0,5,6,918,1979,1979,99500
1437,Gd,1157,280,528,1437,Gd,10768,21,8,5,1437,1976,2004,218000
1069,No,360,709,440,1069,TA,4043,55,5,6,1069,1977,1977,127500
829,No,298,429,441,1556,TA,11700,0,6,6,727,1968,1968,154000
824,No,624,193,510,1894,Gd,11316,40,5,7,817,2002,2003,214900
1973,Av,0,1935,895,1973,Gd,14226,45,5,8,1935,2006,2006,395000
1898,No,0,710,564,2978,Gd,11275,0,7,7,710,1967,2007,242000
848,Av,662,186,420,848,Gd,4438,0,5,6,848,2004,2004,149000
804,No,0,384,400,1474,TA,8530,72,5,7,384,1995,1996,168500
1056,No,480,108,260,1056,TA,9250,0,7,5,1056,1954,2005,139400
902,Av,301,239,484,902,TA,8885,0,5,5,864,1983,1983,131000
1032,Av,605,427,564,1032,TA,10395,0,6,6,1032,1978,1978,148000
1077,No,0,961,338,1077,TA,8967,0,2,5,961,1920,1950,67000
1235,No,600,635,480,1235,TA,8500,0,3,5,1235,1961,1961,98600
1442,Mn,738,172,719,1442,Gd,10357,244,5,7,910,1990,1991,179900
483,No,387,96,264,987,TA,1680,0,5,6,483,1971,1971,85400
1004,Gd,975,0,504,1004,TA,10530,0,5,6,975,1977,1977,135000
1006,No,288,718,0,1006,TA,9000,24,3,5,1006,1959,1959,80000
936,No,210,570,0,1716,Fa,5687,184,6,5,780,1912,2000,135900
860,No,0,860,565,1720,Gd,11645,70,5,7,860,2004,2004,196500
960,No,250,710,308,960,Fa,6000,0,4,4,960,1920,1950,108500
1604,No,1334,270,660,1604,Gd,8814,110,5,7,1604,2006,2006,220000
2217,Gd,351,1043,621,2217,Gd,15865,207,6,8,2217,1970,1970,268000
1844,Av,1110,734,540,1844,Gd,16381,73,5,6,1844,1969,1969,223000
799,No,0,799,380,1571,TA,7837,40,7,6,799,1993,1994,178000
1479,No,0,1468,577,1479,Gd,9382,25,5,7,1468,1999,2000,191000
1619,Gd,1249,103,529,1786,TA,164660,0,6,5,1499,1965,1965,228950
1632,No,620,0,338,1632,TA,9600,0,6,6,1240,1958,1988,139000
866,Av,20,846,578,1768,Gd,10769,105,5,8,866,2007,2007,212000
1096,Mn,75,230,299,1096,TA,15870,32,5,5,1096,1969,1969,138800
1236,No,0,791,542,2093,TA,20544,63,6,7,791,1986,1991,215000
660,No,512,148,453,1348,TA,7590,108,5,6,660,1966,1966,155000
728,Av,648,80,410,1456,Gd,8199,18,5,7,728,2005,2005,189000
1600,Gd,1277,207,319,1600,TA,16321,258,6,5,1484,1957,1997,207500
1700,Av,340,1342,544,1700,Gd,9135,23,5,6,1682,2003,2003,200000
808,No,0,808,389,1593,TA,9636,40,5,6,808,1992,1993,178000
1363,No,650,178,288,1363,TA,14559,42,7,5,1008,1951,2000,164900
855,No,311,544,440,1441,TA,2289,0,6,6,855,1978,1978,148500
1710,Gd,1400,310,866,1710,Gd,13891,102,5,8,1710,2007,2008,372402
1222,No,695,253,463,2110,Gd,8880,130,5,7,948,1994,2002,205000
725,No,533,192,475,1479,Gd,13517,44,8,6,725,1976,2005,130500
767,Av,584,0,367,767,TA,4058,40,5,7,723,1998,1998,133000
664,Av,554,100,426,1496,Gd,17104,24,5,7,654,2006,2006,179665
1567,Av,1154,366,648,1567,Ex,3982,0,5,8,1520,2006,2006,264561
1148,Mn,210,219,308,1148,TA,6420,0,7,5,980,1952,1952,123500
1120,Mn,0,1085,753,1970,Ex,11065,74,5,8,1085,2006,2006,281000
1453,No,482,971,750,2810,Gd,9572,0,5,8,1453,1990,1990,302000
1470,No,986,484,696,2630,Gd,9200,66,5,8,1470,1998,1998,315000
1105,No,443,662,480,2274,TA,11600,0,5,5,1105,1960,1960,154300
1261,No,662,599,433,1261,TA,9120,0,6,6,1261,1958,1958,163000
1486,No,637,849,480,1486,TA,9937,0,7,5,1486,1964,1999,167000
773,No,570,203,240,773,TA,7677,0,5,5,773,1953,1953,110000
1537,No,0,1319,462,1537,Gd,8400,36,9,6,1319,1962,2005,174000
866,Av,0,866,546,1779,Gd,10400,36,5,7,866,1998,1998,197900
1225,No,569,381,0,1225,TA,9320,0,5,4,950,1959,1959,128950
848,Av,659,189,420,848,Gd,4435,0,5,6,848,2003,2003,131500
780,No,0,780,198,1376,TA,8600,0,6,6,780,1937,1950,119500
742,No,381,348,440,1471,TA,3230,24,5,6,729,1999,1999,172500
869,No,0,440,0,869,Fa,5900,0,7,4,440,1923,1958,85500
729,No,419,310,440,1458,TA,3230,32,5,6,729,1999,1999,176000
894,No,762,102,440,894,TA,13350,0,5,5,864,1974,1974,142500
885,No,0,832,427,1718,TA,10141,94,5,7,832,1998,1998,185000
1701,Gd,1390,0,611,1701,TA,16647,0,5,5,1390,1975,1981,171000
864,No,600,264,576,864,TA,12735,0,5,4,864,1972,1972,111250
1094,No,0,528,512,1855,TA,9600,100,7,6,528,1976,1994,187000
1651,No,1398,0,616,1651,TA,12416,0,5,6,1606,1986,1986,184000
612,Av,0,612,528,1224,Gd,3951,234,5,6,612,2009,2009,164500
928,No,308,620,288,928,TA,6000,0,6,5,928,1957,1957,112500
372,None,0,0,0,1092,Fa,5600,0,5,4,0,1930,1950,55000
832,No,16,712,546,1641,Ex,9600,0,7,7,728,1925,1990,178000
708,No,404,304,776,1416,TA,11700,169,6,6,708,1968,1968,179900
1058,Av,546,512,736,1904,Ex,10927,60,5,8,1058,2005,2005,275000
936,No,248,448,308,936,TA,5868,0,7,5,936,1956,2000,129000
716,No,81,23,452,1556,TA,1950,0,6,6,716,1980,1980,151000
864,No,120,744,400,864,TA,19138,0,5,4,864,1951,1951,141000
1654,No,986,668,900,1654,Gd,8125,136,5,7,1654,2002,2002,230000
1416,No,0,816,576,1416,Gd,25339,0,7,5,816,1918,2007,112000
1268,Mn,1163,89,856,2365,Gd,9430,128,5,8,1252,1999,1999,337000
1067,No,442,625,436,1067,Gd,9600,0,7,4,1067,1950,1995,128000
1318,None,0,0,539,1902,TA,8930,0,5,6,0,1978,1978,112000
1557,Gd,0,1374,420,1557,Gd,3196,20,5,7,1374,2003,2004,234000
1195,No,0,1195,486,1839,TA,16770,81,5,7,1195,1998,1998,221000
